Player,Pos,Age,Team,G,GS,MP,FG,FGA,FG%,3P,3PA,3P%,2P,2PA,2P%,eFG%,FT,FTA,FT%,ORB,DRB,TRB,AST,STL,BLK,TOV,PF,PTS
Precious Achiuwa,C,23.0,Toronto,55.0,12.0,20.7,3.6,7.3,0.485,0.5,2.0,0.269,3.0,5.4,0.564,0.521,1.6,2.3,0.702,1.8,4.1,6.0,0.9,0.6,0.5,1.1,1.9,9.2
Steven Adams,C,29.0,Memphis,42.0,42.0,27.0,3.7,6.3,0.597,0.0,0.0,0.0,3.7,6.2,0.599,0.597,1.1,3.1,0.364,5.1,6.5,11.5,2.3,0.9,1.1,1.9,2.3,8.6
Bam Adebayo,C,25.0,Miami,75.0,75.0,34.6,8.0,14.9,0.54,0.0,0.2,0.083,8.0,14.7,0.545,0.541,4.3,5.4,0.806,2.5,6.7,9.2,3.2,1.2,0.8,2.5,2.8,20.4
Ochai Agbaji,SG,22.0,Utah,59.0,22.0,20.5,2.8,6.5,0.427,1.4,3.9,0.355,1.4,2.7,0.532,0.532,0.9,1.2,0.812,0.7,1.3,2.1,1.1,0.3,0.3,0.7,1.7,7.9
Santi Aldama,PF,22.0,Memphis,77.0,20.0,21.8,3.2,6.8,0.47,1.2,3.5,0.353,2.0,3.4,0.591,0.56,1.4,1.9,0.75,1.1,3.7,4.8,1.3,0.6,0.6,0.8,1.9,9.0
Grayson Allen,SG,27.0,Milwaukee,72.0,70.0,27.4,3.4,7.7,0.44,2.0,5.1,0.399,1.4,2.7,0.518,0.571,1.6,1.8,0.905,0.8,2.4,3.3,2.3,0.9,0.2,1.0,1.6,10.4
Jarrett Allen,C,24.0,Cleveland,68.0,68.0,32.6,5.9,9.2,0.644,0.0,0.1,0.1,5.9,9.1,0.653,0.645,2.4,3.3,0.733,3.3,6.5,9.8,1.7,0.8,1.2,1.4,2.3,14.3
Jose Alvarado,PG,24.0,New Orleans,61.0,10.0,21.5,3.3,8.0,0.411,1.4,4.0,0.336,1.9,4.0,0.488,0.496,1.1,1.3,0.813,0.5,1.9,2.3,3.0,1.1,0.2,1.3,2.0,9.0
Kyle Anderson,PF,29.0,Minnesota,69.0,46.0,28.4,3.7,7.2,0.509,0.6,1.5,0.41,3.0,5.7,0.536,0.553,1.4,2.0,0.735,1.0,4.4,5.3,4.9,1.1,0.9,1.5,2.1,9.4
Giannis Antetokounmpo,PF,28.0,Milwaukee,63.0,63.0,32.1,11.2,20.3,0.553,0.7,2.7,0.275,10.5,17.6,0.596,0.572,7.9,12.3,0.645,2.2,9.6,11.8,5.7,0.8,0.8,3.9,3.1,31.1
Thanasis Antetokounmpo,PF,30.0,Milwaukee,37.0,0.0,5.6,0.5,1.2,0.435,0.0,0.2,0.0,0.5,1.0,0.526,0.435,0.3,0.6,0.5,0.4,0.8,1.2,0.4,0.1,0.1,0.3,0.6,1.4
Cole Anthony,PG,22.0,Orlando,60.0,4.0,25.9,4.6,10.2,0.454,1.3,3.4,0.364,3.4,6.7,0.5,0.516,2.5,2.8,0.894,0.8,4.0,4.8,3.9,0.6,0.5,1.5,2.6,13.0
OG Anunoby,SF,25.0,Toronto,67.0,67.0,35.6,6.3,13.2,0.476,2.1,5.5,0.387,4.2,7.7,0.539,0.556,2.1,2.5,0.838,1.4,3.5,5.0,2.0,1.9,0.7,2.0,3.0,16.8
Deni Avdija,SF,22.0,Washington,76.0,40.0,26.6,3.3,7.6,0.437,0.9,3.1,0.297,2.4,4.6,0.53,0.497,1.6,2.2,0.739,1.0,5.4,6.4,2.8,0.9,0.4,1.6,2.8,9.2
Deandre Ayton,C,24.0,Phoenix,67.0,67.0,30.4,7.8,13.2,0.589,0.1,0.4,0.292,7.7,12.9,0.597,0.592,2.3,3.0,0.76,2.6,7.4,10.0,1.7,0.6,0.8,1.8,2.8,18.0
Marvin Bagley III,C,23.0,Detroit,42.0,25.0,23.6,4.8,9.1,0.529,0.5,1.6,0.288,4.4,7.5,0.579,0.554,1.9,2.6,0.75,2.2,4.2,6.4,0.9,0.5,0.7,1.1,1.9,12.0
Patrick Baldwin Jr.,SF,20.0,Golden State,31.0,0.0,7.3,1.4,3.5,0.394,1.0,2.7,0.381,0.4,0.8,0.44,0.541,0.1,0.2,0.667,0.0,1.3,1.3,0.4,0.2,0.1,0.4,0.5,3.9
LaMelo Ball,PG,21.0,Charlotte,36.0,36.0,35.2,8.2,20.0,0.411,4.0,10.6,0.376,4.2,9.4,0.45,0.51,2.8,3.4,0.836,1.2,5.3,6.4,8.4,1.3,0.3,3.6,3.3,23.3
Paolo Banchero,PF,20.0,Orlando,72.0,72.0,33.8,6.7,15.6,0.427,1.2,4.0,0.298,5.5,11.6,0.471,0.465,5.5,7.4,0.738,1.2,5.7,6.9,3.7,0.8,0.5,2.8,2.2,20.0
Desmond Bane,SG,24.0,Memphis,58.0,58.0,31.7,7.8,16.2,0.479,2.9,7.0,0.408,4.9,9.2,0.534,0.568,3.1,3.5,0.883,0.7,4.3,5.0,4.4,1.0,0.4,2.2,2.6,21.5
Dalano Banton,PG,23.0,Toronto,31.0,2.0,9.0,1.8,4.2,0.423,0.5,1.6,0.294,1.3,2.5,0.506,0.481,0.5,0.8,0.708,0.4,1.1,1.5,1.2,0.4,0.4,0.6,1.1,4.6
Dominick Barlow,PF,19.0,San Antonio,28.0,0.0,14.6,1.6,3.1,0.535,0.0,0.1,0.0,1.6,2.9,0.561,0.535,0.6,0.9,0.72,1.6,2.0,3.6,0.9,0.4,0.7,0.5,2.0,3.9
Harrison Barnes,PF,30.0,Sacramento,82.0,82.0,32.5,4.6,9.6,0.473,1.6,4.3,0.374,3.0,5.3,0.553,0.556,4.3,5.0,0.847,1.1,3.4,4.5,1.6,0.7,0.1,1.0,1.3,15.0
Scottie Barnes,SF,21.0,Toronto,77.0,76.0,34.8,6.0,13.2,0.456,0.8,2.9,0.281,5.2,10.3,0.505,0.487,2.5,3.2,0.772,2.3,4.3,6.6,4.8,1.1,0.8,2.0,2.2,15.3
RJ Barrett,SG,22.0,New York,73.0,73.0,33.9,7.0,16.1,0.434,1.7,5.3,0.31,5.3,10.8,0.495,0.485,4.0,5.4,0.74,0.8,4.2,5.0,2.8,0.4,0.2,2.2,2.5,19.6
Charles Bassey,C,22.0,San Antonio,35.0,2.0,14.5,2.5,3.9,0.644,0.1,0.2,0.375,2.4,3.6,0.661,0.656,0.6,1.1,0.595,2.1,3.4,5.5,1.3,0.5,0.9,1.2,2.1,5.7
Keita Bates-Diop,PF,27.0,San Antonio,67.0,42.0,21.7,3.5,6.9,0.508,0.8,2.1,0.394,2.7,4.8,0.557,0.568,1.8,2.2,0.793,1.0,2.7,3.7,1.5,0.7,0.3,0.8,0.9,9.7
Nicolas Batum,PF,34.0,LA Clippers,78.0,19.0,21.9,2.1,4.9,0.42,1.6,4.1,0.391,0.5,0.8,0.563,0.583,0.4,0.6,0.708,0.8,3.0,3.8,1.6,0.7,0.6,0.6,1.9,6.1
Bradley Beal,SG,29.0,Washington,50.0,50.0,33.5,8.9,17.6,0.506,1.6,4.4,0.365,7.3,13.2,0.552,0.551,3.8,4.6,0.842,0.8,3.1,3.9,5.4,0.9,0.7,2.9,2.1,23.2
MarJon Beauchamp,SF,22.0,Milwaukee,52.0,11.0,13.5,1.8,4.7,0.395,0.9,2.7,0.331,0.9,1.9,0.485,0.492,0.5,0.7,0.73,0.7,1.5,2.2,0.7,0.4,0.1,0.9,1.4,5.1
Dāvis Bertāns,PF,30.0,Dallas,45.0,1.0,10.9,1.5,3.6,0.431,1.2,3.1,0.39,0.3,0.4,0.737,0.603,0.3,0.3,0.867,0.2,1.0,1.2,0.5,0.2,0.2,0.2,1.2,4.6
Khem Birch,C,30.0,Toronto,20.0,0.0,8.1,1.0,1.6,0.594,0.1,0.1,0.5,0.9,1.5,0.6,0.609,0.2,0.3,0.8,0.4,0.9,1.3,0.4,0.3,0.3,0.4,1.2,2.2
Buddy Boeheim,SF,23.0,Detroit,10.0,0.0,9.0,0.5,2.7,0.185,0.4,2.5,0.16,0.1,0.2,0.5,0.259,0.2,0.2,1.0,0.2,0.4,0.6,0.4,0.2,0.0,0.0,0.6,1.6
Bogdan Bogdanović,SG,30.0,Atlanta,54.0,9.0,27.9,5.1,11.3,0.447,2.7,6.7,0.406,2.4,4.6,0.506,0.566,1.2,1.4,0.831,0.4,2.6,3.1,2.8,0.8,0.3,1.2,1.6,14.0
Bojan Bogdanović,PF,33.0,Detroit,59.0,59.0,32.1,7.3,14.9,0.488,2.5,6.0,0.411,4.8,9.0,0.539,0.57,4.5,5.1,0.884,0.6,3.2,3.8,2.6,0.6,0.1,2.3,1.9,21.6
Bol Bol,PF,23.0,Orlando,70.0,33.0,21.5,3.7,6.8,0.546,0.4,1.6,0.265,3.3,5.2,0.633,0.577,1.2,1.5,0.759,1.0,4.8,5.8,1.0,0.4,1.2,1.6,1.3,9.1
Devin Booker,SG,26.0,Phoenix,53.0,53.0,34.6,9.9,20.1,0.494,2.1,6.0,0.351,7.8,14.2,0.554,0.546,5.8,6.8,0.855,0.9,3.7,4.5,5.5,1.0,0.3,2.7,3.0,27.8
Brandon Boston Jr.,SF,21.0,LA Clippers,22.0,1.0,11.3,2.3,5.5,0.418,0.5,1.3,0.414,1.8,4.2,0.419,0.467,1.3,1.7,0.763,0.3,1.0,1.4,0.9,0.4,0.0,0.5,1.0,6.5
Chris Boucher,PF,30.0,Toronto,76.0,0.0,20.0,3.4,7.0,0.493,0.8,2.5,0.328,2.6,4.5,0.585,0.552,1.7,2.2,0.762,2.1,3.5,5.5,0.4,0.6,0.8,0.5,1.9,9.4
James Bouknight,SG,22.0,Charlotte,34.0,0.0,15.1,2.0,5.7,0.358,1.0,3.2,0.303,1.1,2.5,0.429,0.443,0.6,0.9,0.667,0.2,1.9,2.1,1.2,0.4,0.1,0.9,1.4,5.6
Tony Bradley,C,25.0,Chicago,12.0,0.0,2.8,0.5,1.0,0.5,0.3,0.4,0.6,0.3,0.6,0.429,0.625,0.3,0.3,1.0,0.1,0.8,0.9,0.1,0.1,0.1,0.1,0.2,1.6
Malaki Branham,SG,19.0,San Antonio,66.0,32.0,23.5,4.1,9.3,0.44,1.2,3.9,0.302,2.9,5.4,0.539,0.503,0.9,1.1,0.829,0.4,2.3,2.7,1.9,0.5,0.1,1.2,1.7,10.2
Jarrell Brantley,PF,26.0,Utah,4.0,0.0,9.8,2.0,3.5,0.571,1.0,2.3,0.444,1.0,1.3,0.8,0.714,0.5,0.5,1.0,0.3,1.3,1.5,0.8,0.0,0.5,0.5,0.8,5.5
Christian Braun,SG,21.0,Denver,76.0,6.0,15.5,1.9,3.8,0.495,0.4,1.3,0.354,1.4,2.5,0.565,0.554,0.5,0.8,0.625,0.6,1.8,2.4,0.8,0.5,0.2,0.5,1.3,4.7
Oshae Brissett,PF,24.0,Indiana,65.0,2.0,16.7,1.9,4.9,0.386,0.7,2.4,0.31,1.2,2.5,0.457,0.461,1.6,2.2,0.717,1.0,2.4,3.4,0.7,0.5,0.2,0.5,1.2,6.1
Malcolm Brogdon,PG,30.0,Boston,67.0,0.0,26.0,5.3,10.9,0.484,2.0,4.4,0.444,3.3,6.5,0.51,0.574,2.4,2.7,0.87,0.6,3.6,4.2,3.7,0.7,0.3,1.5,1.6,14.9
Dillon Brooks,SF,27.0,Memphis,73.0,73.0,30.3,5.4,13.6,0.396,2.0,6.0,0.326,3.4,7.6,0.451,0.468,1.6,2.1,0.779,0.6,2.7,3.3,2.6,0.9,0.2,1.4,3.3,14.3
Bruce Brown,SF,26.0,Denver,80.0,31.0,28.5,4.5,9.3,0.483,1.1,3.2,0.358,3.3,6.1,0.548,0.545,1.5,1.9,0.758,0.8,3.3,4.1,3.4,1.1,0.6,1.5,2.4,11.5
Greg Brown III,PF,21.0,Portland,16.0,0.0,5.8,0.7,1.8,0.393,0.1,0.4,0.143,0.6,1.3,0.476,0.411,0.3,0.8,0.417,0.1,1.1,1.2,0.2,0.3,0.3,0.4,0.8,1.8
Jaylen Brown,SF,26.0,Boston,67.0,67.0,35.9,10.1,20.6,0.491,2.4,7.3,0.335,7.7,13.4,0.576,0.55,3.9,5.1,0.765,1.2,5.7,6.9,3.5,1.1,0.4,2.9,2.6,26.6
Kendall Brown,SG,19.0,Indiana,6.0,0.0,6.7,0.7,1.2,0.571,0.0,0.2,0.0,0.7,1.0,0.667,0.571,0.2,0.3,0.5,0.3,0.7,1.0,0.5,0.7,0.0,0.3,1.5,1.5
Troy Brown Jr.,SF,23.0,LA Lakers,76.0,45.0,24.5,2.6,6.1,0.43,1.4,3.7,0.381,1.2,2.4,0.505,0.545,0.4,0.5,0.872,0.8,3.2,4.1,1.3,0.8,0.2,0.6,1.6,7.1
Jalen Brunson,PG,26.0,New York,68.0,68.0,35.0,8.6,17.6,0.491,2.0,4.7,0.416,6.7,12.8,0.519,0.547,4.8,5.8,0.829,0.6,3.0,3.5,6.2,0.9,0.2,2.1,2.2,24.0
Reggie Bullock,SF,31.0,Dallas,78.0,55.0,30.3,2.5,6.0,0.409,1.9,5.1,0.38,0.5,0.9,0.562,0.569,0.3,0.5,0.703,0.4,3.2,3.6,1.4,0.7,0.2,0.5,2.1,7.2
Alec Burks,SG,31.0,Detroit,51.0,8.0,22.0,3.9,9.0,0.436,1.9,4.7,0.414,2.0,4.3,0.459,0.544,3.0,3.7,0.814,0.4,2.7,3.1,2.2,0.7,0.2,1.1,1.9,12.8
Jimmy Butler,PF,33.0,Miami,64.0,64.0,33.4,7.5,13.9,0.539,0.6,1.6,0.35,6.9,12.3,0.564,0.56,7.4,8.7,0.85,2.2,3.7,5.9,5.3,1.8,0.3,1.6,1.3,22.9
John Butler,C,20.0,Portland,19.0,1.0,11.6,0.9,2.8,0.321,0.4,1.8,0.229,0.5,0.9,0.5,0.396,0.2,0.2,0.75,0.2,0.7,0.9,0.6,0.4,0.5,0.1,1.2,2.4
Jamal Cain,PF,23.0,Miami,18.0,0.0,13.3,2.1,3.7,0.561,0.4,1.1,0.35,1.7,2.6,0.652,0.614,0.9,1.2,0.773,0.8,2.1,2.9,0.7,0.6,0.1,0.3,1.2,5.4
Kentavious Caldwell-Pope,SG,29.0,Denver,76.0,76.0,31.3,3.8,8.3,0.462,1.8,4.2,0.423,2.1,4.1,0.502,0.569,1.4,1.6,0.824,0.5,2.3,2.7,2.4,1.5,0.5,1.1,1.9,10.8
Facundo Campazzo,PG,31.0,Dallas,8.0,0.0,6.5,0.4,1.6,0.231,0.4,1.4,0.273,0.0,0.3,0.0,0.346,0.1,0.3,0.5,0.0,0.3,0.3,1.1,0.8,0.0,0.4,0.4,1.3
Vlatko Čančar,PF,25.0,Denver,60.0,9.0,14.8,1.8,3.8,0.476,0.7,1.9,0.374,1.1,1.9,0.58,0.57,0.6,0.7,0.927,0.4,1.7,2.1,1.3,0.4,0.2,0.6,1.4,5.0
Clint Capela,C,28.0,Atlanta,65.0,63.0,26.6,5.4,8.2,0.653,0.0,0.0,0.0,5.4,8.2,0.654,0.653,1.2,2.0,0.603,4.0,7.1,11.0,0.9,0.7,1.2,0.8,2.1,12.0
Jevon Carter,PG,27.0,Milwaukee,81.0,39.0,22.3,3.0,7.0,0.423,1.8,4.2,0.421,1.2,2.8,0.425,0.549,0.4,0.5,0.816,0.4,2.1,2.5,2.4,0.8,0.4,1.0,2.0,8.0
Wendell Carter Jr.,C,23.0,Orlando,57.0,54.0,29.6,5.6,10.8,0.525,1.4,3.9,0.356,4.2,6.8,0.624,0.591,2.5,3.4,0.738,2.1,6.6,8.7,2.3,0.5,0.6,1.9,2.8,15.2
Michael Carter-Williams,PG,31.0,Orlando,4.0,0.0,11.0,1.5,3.5,0.429,0.3,0.8,0.333,1.3,2.8,0.455,0.464,1.0,1.8,0.571,0.3,1.0,1.3,1.8,0.3,0.3,1.0,1.3,4.3
Alex Caruso,PG,28.0,Chicago,67.0,36.0,23.5,1.9,4.3,0.455,0.8,2.3,0.364,1.1,2.0,0.556,0.551,0.9,1.1,0.808,0.6,2.3,2.9,2.9,1.5,0.7,1.1,2.4,5.6
Kennedy Chandler,PG,20.0,Memphis,36.0,0.0,7.8,1.0,2.3,0.422,0.1,0.4,0.133,0.9,1.9,0.485,0.434,0.2,0.4,0.462,0.3,0.8,1.1,1.6,0.3,0.1,0.5,0.4,2.2
Max Christie,SG,19.0,LA Lakers,41.0,3.0,12.5,1.1,2.6,0.415,0.6,1.5,0.419,0.4,1.1,0.409,0.538,0.3,0.4,0.875,0.2,1.7,1.8,0.5,0.2,0.2,0.3,0.8,3.1
Josh Christopher,SG,21.0,Houston,64.0,2.0,12.3,2.4,5.1,0.465,0.3,1.4,0.236,2.1,3.8,0.55,0.497,0.7,0.9,0.75,0.3,0.8,1.1,1.1,0.5,0.2,0.9,0.9,5.8
Brandon Clarke,PF,26.0,Memphis,56.0,8.0,19.5,4.1,6.2,0.656,0.0,0.1,0.167,4.1,6.1,0.665,0.658,1.8,2.4,0.723,1.6,3.9,5.5,1.3,0.6,0.7,1.0,2.3,10.0
Jordan Clarkson,SG,30.0,Utah,61.0,61.0,32.6,7.5,16.9,0.444,2.5,7.5,0.338,5.0,9.4,0.53,0.519,3.3,4.0,0.816,1.2,2.9,4.0,4.4,0.5,0.2,3.0,2.0,20.8
Nic Claxton,C,23.0,Brooklyn,76.0,76.0,29.9,5.4,7.7,0.705,0.0,0.0,0.0,5.4,7.7,0.708,0.705,1.8,3.2,0.541,2.4,6.8,9.2,1.9,0.9,2.5,1.3,2.8,12.6
Amir Coffey,SF,25.0,LA Clippers,50.0,9.0,12.5,1.1,2.9,0.386,0.2,0.8,0.275,0.9,2.1,0.429,0.424,1.0,1.3,0.778,0.3,0.7,1.1,1.1,0.1,0.1,0.4,1.0,3.4
John Collins,PF,25.0,Atlanta,71.0,71.0,30.0,5.1,10.0,0.508,1.0,3.4,0.292,4.1,6.6,0.619,0.557,2.0,2.5,0.803,1.1,5.4,6.5,1.2,0.6,1.0,1.1,3.1,13.1
Zach Collins,C,25.0,San Antonio,63.0,26.0,22.9,4.5,8.7,0.518,0.9,2.3,0.374,3.6,6.4,0.571,0.568,1.7,2.3,0.761,1.8,4.5,6.4,2.9,0.6,0.8,2.0,3.2,11.6
Pat Connaughton,SF,30.0,Milwaukee,61.0,33.0,23.7,2.7,6.9,0.392,1.8,5.3,0.339,0.9,1.6,0.566,0.521,0.4,0.7,0.659,0.8,3.8,4.6,1.3,0.6,0.2,0.5,1.1,7.6
Xavier Cooks,PF,27.0,Washington,10.0,1.0,12.6,1.7,2.8,0.607,0.0,0.1,0.0,1.7,2.7,0.63,0.607,0.4,1.0,0.4,1.6,2.2,3.8,0.6,0.6,0.4,0.8,1.3,3.8
Robert Covington,PF,32.0,LA Clippers,48.0,0.0,16.2,2.1,4.8,0.445,1.1,2.8,0.397,1.0,1.9,0.516,0.563,0.6,0.8,0.75,0.6,2.8,3.5,1.2,0.8,0.7,0.7,1.8,6.0
Torrey Craig,PF,32.0,Phoenix,79.0,60.0,24.7,2.9,6.3,0.456,1.3,3.2,0.395,1.6,3.1,0.518,0.556,0.4,0.6,0.711,1.8,3.6,5.4,1.5,0.6,0.8,0.9,2.3,7.4
Jae Crowder,PF,32.0,Milwaukee,18.0,3.0,18.9,2.5,5.2,0.479,1.3,3.1,0.436,1.2,2.2,0.538,0.606,0.6,0.7,0.833,0.9,2.9,3.8,1.5,0.7,0.3,0.4,1.5,6.9
Jarrett Culver,SF,23.0,Atlanta,10.0,1.0,13.7,1.7,4.3,0.395,0.1,1.2,0.083,1.6,3.1,0.516,0.407,0.9,1.3,0.692,1.0,2.8,3.8,0.6,0.6,0.2,0.7,1.4,4.4
Cade Cunningham,PG,21.0,Detroit,12.0,12.0,33.3,7.8,18.7,0.415,1.4,5.1,0.279,6.3,13.6,0.466,0.453,3.0,3.6,0.837,1.0,5.2,6.2,6.0,0.8,0.6,3.3,2.8,19.9
Seth Curry,SG,32.0,Brooklyn,61.0,7.0,19.9,3.4,7.4,0.463,1.5,3.8,0.405,1.9,3.6,0.525,0.568,0.8,0.9,0.927,0.2,1.4,1.6,1.6,0.6,0.1,0.8,1.6,9.2
Stephen Curry,PG,34.0,Golden State,56.0,56.0,34.7,10.0,20.2,0.493,4.9,11.4,0.427,5.1,8.8,0.579,0.614,4.6,5.0,0.915,0.7,5.4,6.1,6.3,0.9,0.4,3.2,2.1,29.4
Dyson Daniels,PG,19.0,New Orleans,59.0,11.0,17.7,1.5,3.5,0.418,0.5,1.5,0.314,1.0,2.1,0.492,0.483,0.4,0.7,0.65,0.6,2.6,3.2,2.3,0.7,0.2,1.0,1.7,3.8
Anthony Davis,C,29.0,LA Lakers,56.0,54.0,34.0,9.7,17.2,0.563,0.3,1.3,0.257,9.3,15.9,0.589,0.573,6.2,7.9,0.784,3.5,9.1,12.5,2.6,1.1,2.0,2.2,2.6,25.9
Johnny Davis,SG,20.0,Washington,28.0,5.0,15.1,2.4,6.1,0.386,0.6,2.5,0.243,1.8,3.6,0.485,0.436,0.5,1.0,0.519,0.4,2.0,2.3,1.0,0.4,0.3,0.6,1.7,5.8
Terence Davis,SG,25.0,Sacramento,64.0,5.0,13.1,2.4,5.7,0.423,1.4,3.8,0.366,1.0,1.9,0.537,0.545,0.5,0.7,0.791,0.3,1.9,2.2,1.0,0.7,0.2,0.8,1.6,6.7
JD Davison,SG,20.0,Boston,12.0,0.0,5.5,0.7,1.6,0.421,0.2,0.6,0.286,0.5,1.0,0.5,0.474,0.1,0.2,0.5,0.2,0.6,0.8,0.9,0.2,0.2,0.3,0.4,1.6
Darius Days,SF,23.0,Houston,4.0,0.0,6.3,1.3,3.0,0.417,0.8,2.5,0.3,0.5,0.5,1.0,0.542,0.5,0.5,1.0,0.3,1.3,1.5,0.3,0.0,0.3,0.0,0.5,3.8
Matthew Dellavedova,PG,32.0,Sacramento,32.0,0.0,6.7,0.5,1.6,0.34,0.3,0.8,0.333,0.3,0.7,0.348,0.43,0.1,0.2,0.571,0.0,0.4,0.4,1.3,0.2,0.0,0.3,0.6,1.5
DeMar DeRozan,SF,33.0,Chicago,74.0,74.0,36.2,8.9,17.6,0.504,0.6,1.9,0.324,8.3,15.7,0.526,0.522,6.2,7.1,0.872,0.5,4.2,4.6,5.1,1.1,0.5,2.1,2.5,24.5
Moussa Diabaté,C,21.0,LA Clippers,22.0,1.0,8.9,1.1,2.1,0.511,0.0,0.1,0.5,1.0,2.0,0.511,0.521,0.5,0.7,0.625,1.4,0.9,2.3,0.2,0.3,0.4,0.4,0.7,2.7
Mamadi Diakite,C,26.0,Cleveland,22.0,2.0,8.0,1.1,2.3,0.48,0.3,1.0,0.333,0.8,1.3,0.586,0.55,0.1,0.1,1.0,0.4,1.0,1.4,0.4,0.2,0.4,0.5,1.2,2.6
Hamidou Diallo,SF,24.0,Detroit,56.0,0.0,17.8,3.8,6.7,0.573,0.1,0.4,0.238,3.8,6.3,0.593,0.58,1.6,2.6,0.588,1.0,2.4,3.5,1.0,0.9,0.3,1.3,2.2,9.3
Gorgui Dieng,C,33.0,San Antonio,31.0,1.0,11.5,1.5,3.8,0.385,0.7,2.4,0.28,0.8,1.4,0.571,0.474,0.3,0.4,0.769,0.9,2.6,3.5,1.7,0.1,0.5,1.0,1.8,3.9
Ousmane Dieng,PF,19.0,Oklahoma City,39.0,1.0,14.6,1.9,4.6,0.42,0.7,2.5,0.265,1.3,2.1,0.602,0.492,0.4,0.6,0.652,0.5,2.2,2.7,1.2,0.4,0.2,0.7,1.1,4.9
Donte DiVincenzo,SG,26.0,Golden State,72.0,36.0,26.3,3.3,7.5,0.435,2.1,5.3,0.397,1.2,2.3,0.525,0.574,0.8,1.0,0.817,1.1,3.4,4.5,3.5,1.3,0.1,1.6,1.8,9.4
Luka Dončić,PG,23.0,Dallas,66.0,66.0,36.2,10.9,22.0,0.496,2.8,8.2,0.342,8.1,13.8,0.588,0.56,7.8,10.5,0.742,0.8,7.8,8.6,8.0,1.4,0.5,3.6,2.5,32.4
Luguentz Dort,SF,23.0,Oklahoma City,74.0,73.0,30.7,4.6,11.8,0.388,1.8,5.5,0.33,2.8,6.3,0.44,0.466,2.7,3.5,0.772,1.7,2.9,4.6,2.1,1.0,0.3,1.2,3.3,13.7
Ayo Dosunmu,SG,23.0,Chicago,80.0,51.0,26.2,3.5,7.1,0.493,0.7,2.4,0.312,2.8,4.8,0.583,0.545,0.8,1.0,0.805,0.6,2.2,2.8,2.6,0.8,0.3,1.2,2.3,8.6
Jeff Dowtin,PG,25.0,Toronto,25.0,0.0,10.4,1.0,2.3,0.439,0.2,0.6,0.313,0.8,1.6,0.488,0.482,0.2,0.4,0.667,0.2,0.7,0.9,1.2,0.4,0.1,0.2,0.5,2.4
Andre Drummond,C,29.0,Chicago,67.0,0.0,12.7,2.5,4.1,0.606,0.0,0.0,0.0,2.5,4.0,0.613,0.606,1.0,1.9,0.536,2.1,4.6,6.6,0.5,0.7,0.4,1.1,1.7,6.0
Chris Duarte,SF,25.0,Indiana,46.0,12.0,19.5,2.7,7.2,0.369,1.2,3.8,0.316,1.5,3.5,0.428,0.452,1.3,1.6,0.847,0.4,2.1,2.5,1.4,0.5,0.2,0.9,1.4,7.9
David Duke Jr.,SG,23.0,Brooklyn,23.0,0.0,9.9,1.6,3.4,0.462,0.0,0.5,0.083,1.5,2.9,0.53,0.468,0.5,0.7,0.706,0.5,0.8,1.3,0.9,0.4,0.0,0.8,1.3,3.7
Kris Dunn,PG,28.0,Utah,22.0,3.0,25.8,5.3,9.8,0.537,0.8,1.6,0.472,4.5,8.2,0.55,0.576,1.9,2.4,0.774,0.4,4.1,4.5,5.6,1.1,0.5,1.6,2.6,13.2
Jalen Duren,C,19.0,Detroit,67.0,31.0,24.9,3.9,5.9,0.648,0.0,0.0,0.0,3.9,5.9,0.652,0.648,1.4,2.3,0.611,3.4,5.5,8.9,1.1,0.7,0.9,1.4,2.7,9.1
Tari Eason,PF,21.0,Houston,82.0,5.0,21.5,3.6,8.0,0.448,0.7,2.1,0.343,2.9,6.0,0.486,0.493,1.3,1.8,0.752,2.4,3.7,6.0,1.1,1.2,0.6,1.2,2.3,9.3
Anthony Edwards,SG,21.0,Minnesota,79.0,79.0,36.0,8.9,19.5,0.459,2.7,7.3,0.369,6.3,12.2,0.513,0.528,4.0,5.3,0.756,0.6,5.2,5.8,4.4,1.6,0.7,3.3,2.4,24.6
Keon Ellis,SG,23.0,Sacramento,16.0,0.0,4.4,0.4,1.0,0.438,0.4,0.8,0.5,0.1,0.3,0.25,0.625,0.3,0.4,0.571,0.3,0.3,0.5,0.4,0.3,0.1,0.1,0.6,1.5
Joel Embiid,C,28.0,Philadelphia,66.0,66.0,34.6,11.0,20.1,0.548,1.0,3.0,0.33,10.0,17.1,0.587,0.573,10.0,11.7,0.857,1.7,8.4,10.2,4.2,1.0,1.7,3.4,3.1,33.1
Drew Eubanks,C,25.0,Portland,78.0,28.0,20.3,2.7,4.3,0.641,0.1,0.2,0.389,2.7,4.1,0.655,0.651,1.1,1.6,0.664,1.7,3.7,5.4,1.3,0.5,1.3,0.9,2.2,6.6
Malachi Flynn,PG,24.0,Toronto,53.0,2.0,13.0,1.6,4.6,0.36,0.9,2.5,0.353,0.8,2.1,0.367,0.457,0.5,0.6,0.758,0.3,1.2,1.4,1.3,0.4,0.1,0.5,1.2,4.6
Simone Fontecchio,SF,27.0,Utah,52.0,6.0,14.7,2.2,6.0,0.369,1.2,3.7,0.33,1.0,2.3,0.43,0.47,0.7,0.8,0.795,0.6,1.1,1.7,0.8,0.3,0.2,0.8,1.2,6.3
Bryn Forbes,SG,29.0,Minnesota,25.0,0.0,10.7,1.2,3.3,0.361,0.6,1.8,0.304,0.6,1.5,0.432,0.446,0.6,0.6,1.0,0.2,0.4,0.6,0.7,0.3,0.1,0.5,0.9,3.6
Trent Forrest,SG,24.0,Atlanta,23.0,3.0,12.0,1.1,2.6,0.417,0.0,0.1,0.0,1.1,2.5,0.431,0.417,0.1,0.1,0.667,0.2,1.4,1.6,1.7,0.3,0.1,0.7,0.7,2.3
Evan Fournier,SG,30.0,New York,27.0,7.0,17.0,2.1,6.1,0.337,1.3,4.2,0.307,0.8,1.9,0.404,0.443,0.7,0.8,0.857,0.1,1.7,1.8,1.3,0.6,0.1,0.8,1.7,6.1
De'Aaron Fox,PG,25.0,Sacramento,73.0,73.0,33.4,9.3,18.2,0.512,1.6,5.0,0.324,7.7,13.2,0.584,0.557,4.7,6.0,0.78,0.5,3.6,4.2,6.1,1.1,0.3,2.5,2.4,25.0
Markelle Fultz,PG,24.0,Orlando,60.0,60.0,29.6,5.8,11.3,0.514,0.5,1.5,0.31,5.4,9.9,0.544,0.534,1.9,2.4,0.783,1.2,2.8,3.9,5.7,1.5,0.4,2.3,2.2,14.0
Wenyen Gabriel,C,25.0,LA Lakers,68.0,2.0,15.1,2.3,3.8,0.596,0.1,0.5,0.278,2.1,3.3,0.647,0.615,0.8,1.2,0.619,1.7,2.5,4.2,0.5,0.4,0.5,0.7,2.1,5.5
Darius Garland,PG,23.0,Cleveland,69.0,69.0,35.5,7.6,16.4,0.462,2.4,6.0,0.41,5.1,10.4,0.492,0.537,4.0,4.7,0.863,0.4,2.3,2.7,7.8,1.2,0.1,2.9,2.1,21.6
Usman Garuba,C,20.0,Houston,75.0,1.0,12.9,1.1,2.4,0.486,0.3,0.8,0.407,0.8,1.6,0.525,0.554,0.4,0.6,0.617,1.6,2.5,4.1,0.9,0.6,0.4,0.6,1.8,3.0
Luka Garza,C,24.0,Minnesota,28.0,0.0,8.7,2.3,4.1,0.543,0.5,1.4,0.359,1.8,2.8,0.636,0.603,1.5,1.9,0.788,1.2,1.1,2.3,0.6,0.1,0.1,0.5,1.5,6.5
Rudy Gay,PF,36.0,Utah,56.0,0.0,14.6,1.9,5.1,0.38,0.6,2.3,0.254,1.4,2.8,0.484,0.437,0.8,0.9,0.857,0.6,2.3,2.9,1.0,0.3,0.3,0.7,1.2,5.2
Paul George,SF,32.0,LA Clippers,56.0,56.0,34.6,8.2,17.9,0.457,2.8,7.6,0.371,5.4,10.3,0.521,0.536,4.6,5.3,0.871,0.8,5.3,6.1,5.1,1.5,0.4,3.1,2.8,23.8
Taj Gibson,C,37.0,Washington,49.0,2.0,9.8,1.3,2.6,0.52,0.2,0.5,0.333,1.2,2.1,0.564,0.552,0.6,0.9,0.714,0.7,1.2,1.9,0.7,0.3,0.2,0.5,1.7,3.4
Josh Giddey,PF,20.0,Oklahoma City,76.0,76.0,31.1,7.1,14.7,0.482,1.0,3.1,0.325,6.1,11.6,0.524,0.516,1.4,1.9,0.731,1.9,5.9,7.9,6.2,0.8,0.4,2.8,1.9,16.6
Shai Gilgeous-Alexander,PG,24.0,Oklahoma City,68.0,68.0,35.5,10.4,20.3,0.51,0.9,2.5,0.345,9.5,17.8,0.533,0.531,9.8,10.9,0.905,0.9,4.0,4.8,5.5,1.6,1.0,2.8,2.8,31.4
Anthony Gill,PF,30.0,Washington,59.0,8.0,10.6,1.2,2.2,0.538,0.1,0.5,0.138,1.1,1.7,0.65,0.553,0.8,1.1,0.731,0.6,1.1,1.7,0.6,0.1,0.2,0.3,1.2,3.3
Rudy Gobert,C,30.0,Minnesota,70.0,70.0,30.7,5.1,7.8,0.659,0.0,0.0,0.0,5.1,7.8,0.663,0.659,3.1,4.9,0.644,3.3,8.3,11.6,1.2,0.8,1.4,1.7,3.0,13.4
Jordan Goodwin,PG,24.0,Washington,62.0,7.0,17.8,2.5,5.7,0.448,0.6,1.9,0.322,1.9,3.8,0.511,0.501,0.9,1.1,0.768,0.9,2.4,3.3,2.7,0.9,0.4,0.9,1.5,6.6
Aaron Gordon,PF,27.0,Denver,68.0,68.0,30.2,6.3,11.2,0.564,0.9,2.5,0.347,5.4,8.6,0.628,0.603,2.8,4.6,0.608,2.4,4.1,6.6,3.0,0.8,0.8,1.4,1.9,16.3
Jerami Grant,PF,28.0,Portland,63.0,63.0,35.7,6.9,14.5,0.475,2.3,5.7,0.401,4.6,8.8,0.523,0.554,4.4,5.4,0.813,0.8,3.7,4.5,2.4,0.8,0.8,1.8,2.4,20.5
RaiQuan Gray,PF,23.0,Brooklyn,1.0,0.0,35.0,6.0,12.0,0.5,2.0,5.0,0.4,4.0,7.0,0.571,0.583,2.0,2.0,1.0,3.0,6.0,9.0,7.0,0.0,1.0,4.0,5.0,16.0
A.J. Green,SG,23.0,Milwaukee,35.0,1.0,9.9,1.5,3.6,0.424,1.3,3.0,0.419,0.3,0.6,0.45,0.6,0.1,0.1,1.0,0.2,1.1,1.3,0.6,0.2,0.0,0.3,0.9,4.4
Draymond Green,PF,32.0,Golden State,73.0,73.0,31.5,3.4,6.5,0.527,0.5,1.8,0.305,2.9,4.7,0.612,0.57,1.1,1.5,0.713,0.9,6.3,7.2,6.8,1.0,0.8,2.8,3.1,8.5
Jalen Green,SG,20.0,Houston,76.0,76.0,34.2,7.4,17.9,0.416,2.5,7.3,0.338,5.0,10.6,0.471,0.485,4.8,6.1,0.786,0.6,3.2,3.7,3.7,0.8,0.2,2.6,1.7,22.1
JaMychal Green,PF,32.0,Golden State,57.0,1.0,14.0,2.4,4.4,0.54,0.7,1.9,0.378,1.6,2.5,0.667,0.623,0.9,1.2,0.776,1.3,2.3,3.6,0.9,0.4,0.4,0.9,1.8,6.4
Javonte Green,SF,29.0,Chicago,32.0,1.0,15.0,1.9,3.4,0.565,0.4,1.1,0.371,1.5,2.3,0.658,0.625,0.9,1.4,0.667,0.8,1.9,2.8,0.7,0.8,0.7,0.6,1.6,5.2
Jeff Green,PF,36.0,Denver,56.0,4.0,19.5,2.9,5.9,0.488,0.5,1.9,0.288,2.3,4.0,0.58,0.534,1.6,2.1,0.744,0.7,1.9,2.6,1.2,0.3,0.3,0.8,1.8,7.8
Josh Green,SG,22.0,Dallas,60.0,21.0,25.7,3.4,6.4,0.537,1.1,2.8,0.402,2.3,3.6,0.643,0.626,1.1,1.6,0.723,0.9,2.1,3.0,1.7,0.7,0.1,1.2,2.6,9.1
AJ Griffin,SF,19.0,Atlanta,72.0,12.0,19.5,3.4,7.4,0.465,1.4,3.6,0.39,2.0,3.8,0.536,0.56,0.6,0.7,0.894,0.5,1.6,2.1,1.0,0.6,0.2,0.6,1.2,8.9
Blake Griffin,C,33.0,Boston,41.0,16.0,13.9,1.5,3.2,0.485,0.6,1.6,0.348,1.0,1.6,0.625,0.573,0.5,0.8,0.656,1.1,2.6,3.8,1.5,0.3,0.2,0.5,1.8,4.1
Quentin Grimes,SG,22.0,New York,71.0,66.0,29.9,4.0,8.5,0.468,2.2,5.7,0.386,1.8,2.7,0.641,0.599,1.1,1.4,0.796,0.7,2.5,3.2,2.1,0.7,0.4,1.0,2.5,11.3
Tyrese Haliburton,PG,22.0,Indiana,56.0,56.0,33.6,7.4,15.0,0.49,2.9,7.2,0.4,4.5,7.8,0.572,0.586,3.1,3.6,0.871,0.6,3.1,3.7,10.4,1.6,0.4,2.5,1.2,20.7
Jordan Hall,SF,21.0,San Antonio,9.0,0.0,9.2,1.0,3.1,0.321,0.3,1.7,0.2,0.7,1.4,0.462,0.375,0.8,1.0,0.778,0.3,1.0,1.3,1.2,0.1,0.0,0.8,0.7,3.1
Tim Hardaway Jr.,SF,30.0,Dallas,71.0,45.0,30.3,4.8,11.9,0.401,3.0,7.7,0.385,1.8,4.2,0.431,0.527,1.8,2.3,0.77,0.3,3.2,3.5,1.8,0.7,0.2,0.8,1.7,14.4
James Harden,PG,33.0,Philadelphia,58.0,58.0,36.8,6.4,14.5,0.441,2.8,7.2,0.385,3.6,7.3,0.495,0.536,5.4,6.2,0.867,0.7,5.4,6.1,10.7,1.2,0.5,3.4,1.9,21.0
Jaden Hardy,SG,20.0,Dallas,48.0,5.0,14.8,3.0,6.9,0.438,1.3,3.3,0.404,1.7,3.7,0.469,0.533,1.4,1.6,0.823,0.2,1.6,1.9,1.4,0.4,0.1,1.0,1.3,8.8
Ron Harper Jr.,PF,22.0,Toronto,9.0,0.0,5.3,0.9,1.8,0.5,0.3,1.0,0.333,0.6,0.8,0.714,0.594,0.1,0.1,1.0,0.3,0.4,0.8,0.4,0.0,0.1,0.0,0.3,2.2
Montrezl Harrell,C,29.0,Philadelphia,57.0,7.0,11.9,2.2,3.7,0.598,0.0,0.1,0.0,2.2,3.6,0.616,0.598,1.2,1.8,0.693,1.2,1.6,2.8,0.6,0.3,0.4,0.6,1.3,5.6
Gary Harris,SG,28.0,Orlando,48.0,42.0,24.7,2.9,6.4,0.45,2.0,4.5,0.431,0.9,1.9,0.494,0.603,0.6,0.6,0.9,0.4,1.6,2.0,1.2,0.9,0.3,0.6,1.9,8.3
Joe Harris,SF,31.0,Brooklyn,74.0,33.0,20.6,2.7,5.9,0.457,1.9,4.5,0.426,0.8,1.4,0.551,0.618,0.2,0.4,0.643,0.3,1.9,2.2,1.4,0.5,0.2,0.6,1.9,7.6
Kevon Harris,SG,25.0,Orlando,34.0,0.0,13.4,1.4,3.1,0.439,0.5,1.3,0.372,0.9,1.9,0.484,0.514,0.9,1.2,0.756,0.8,1.2,2.1,0.5,0.5,0.1,0.6,1.6,4.1
Tobias Harris,SF,30.0,Philadelphia,74.0,74.0,32.9,5.7,11.4,0.501,1.7,4.4,0.389,4.0,7.0,0.57,0.575,1.5,1.7,0.876,0.9,4.8,5.7,2.5,0.9,0.5,1.2,2.0,14.7
Shaquille Harrison,SG,29.0,Portland,5.0,0.0,24.0,3.0,7.2,0.417,0.6,2.0,0.3,2.4,5.2,0.462,0.458,2.2,3.0,0.733,0.2,4.2,4.4,6.0,2.2,0.4,1.2,2.4,8.8
Isaiah Hartenstein,C,24.0,New York,82.0,8.0,19.8,2.1,4.0,0.535,0.1,0.5,0.216,2.0,3.5,0.576,0.547,0.6,0.9,0.676,2.5,4.0,6.5,1.2,0.6,0.8,0.8,2.6,5.0
Udonis Haslem,C,42.0,Miami,7.0,1.0,10.1,1.4,4.1,0.345,0.4,1.3,0.333,1.0,2.9,0.35,0.397,0.6,0.7,0.8,0.6,1.0,1.6,0.0,0.1,0.3,0.1,1.6,3.9
Sam Hauser,SF,25.0,Boston,80.0,8.0,16.1,2.3,5.0,0.455,1.8,4.2,0.418,0.5,0.8,0.656,0.631,0.2,0.2,0.706,0.4,2.1,2.6,0.9,0.4,0.3,0.4,1.2,6.4
Jaxson Hayes,C,22.0,New Orleans,47.0,2.0,13.0,1.8,3.3,0.551,0.1,0.6,0.103,1.8,2.7,0.654,0.561,1.2,1.8,0.699,0.8,2.0,2.8,0.7,0.4,0.4,0.7,1.4,5.0
Killian Hayes,PG,21.0,Detroit,76.0,56.0,28.3,4.0,10.7,0.377,1.1,3.8,0.28,3.0,7.0,0.429,0.426,1.2,1.5,0.821,0.4,2.5,2.9,6.2,1.4,0.4,2.3,2.9,10.3
Gordon Hayward,SF,32.0,Charlotte,50.0,50.0,31.5,5.5,11.6,0.475,1.0,3.2,0.325,4.5,8.4,0.532,0.52,2.6,3.2,0.811,0.7,3.6,4.3,4.1,0.8,0.2,2.0,1.4,14.7
Juancho Hernangómez,PF,27.0,Toronto,42.0,10.0,14.6,1.1,2.7,0.421,0.4,1.6,0.254,0.7,1.1,0.66,0.496,0.2,0.4,0.563,0.6,2.3,2.9,0.6,0.4,0.1,0.4,1.0,2.9
Willy Hernangómez,C,28.0,New Orleans,38.0,2.0,12.1,2.3,4.4,0.527,0.1,0.3,0.273,2.3,4.2,0.544,0.536,2.1,2.7,0.779,1.5,3.2,4.7,0.9,0.4,0.3,1.0,1.7,6.9
Tyler Herro,SG,23.0,Miami,67.0,67.0,34.9,7.3,16.6,0.439,3.0,8.0,0.378,4.2,8.5,0.497,0.531,2.5,2.7,0.934,0.4,5.0,5.4,4.2,0.8,0.2,2.4,1.5,20.1
Buddy Hield,SF,30.0,Indiana,80.0,73.0,31.0,5.9,13.0,0.458,3.6,8.5,0.425,2.3,4.5,0.518,0.596,1.3,1.6,0.822,0.8,4.2,5.0,2.8,1.2,0.3,1.7,2.0,16.8
Haywood Highsmith,PF,26.0,Miami,54.0,11.0,17.9,1.7,4.0,0.431,0.7,2.0,0.339,1.0,2.0,0.523,0.516,0.2,0.5,0.464,1.1,2.4,3.5,0.8,0.7,0.3,0.8,1.5,4.4
Aaron Holiday,PG,26.0,Atlanta,63.0,6.0,13.4,1.5,3.5,0.418,0.6,1.4,0.409,0.9,2.1,0.424,0.5,0.4,0.5,0.844,0.4,0.8,1.2,1.4,0.6,0.2,0.6,1.3,3.9
Jrue Holiday,PG,32.0,Milwaukee,67.0,65.0,32.6,7.3,15.3,0.479,2.4,6.1,0.384,5.0,9.1,0.542,0.556,2.3,2.6,0.859,1.2,3.9,5.1,7.4,1.2,0.4,2.9,1.7,19.3
Richaun Holmes,C,29.0,Sacramento,42.0,1.0,8.3,1.3,2.1,0.618,0.1,0.2,0.625,1.2,1.9,0.617,0.646,0.4,0.5,0.789,0.7,1.2,1.9,0.2,0.1,0.3,0.3,1.2,3.1
Al Horford,C,36.0,Boston,63.0,63.0,30.5,3.6,7.6,0.476,2.3,5.2,0.446,1.3,2.4,0.539,0.627,0.2,0.3,0.714,1.2,5.0,6.2,3.0,0.5,1.0,0.6,1.9,9.8
Talen Horton-Tucker,SG,22.0,Utah,65.0,20.0,20.2,4.0,9.4,0.419,0.9,3.1,0.286,3.1,6.3,0.485,0.467,1.9,2.6,0.75,0.6,2.6,3.2,3.8,0.6,0.4,1.9,1.7,10.7
Danuel House Jr.,SF,29.0,Philadelphia,56.0,5.0,14.4,1.7,3.5,0.472,0.7,2.0,0.336,1.0,1.6,0.644,0.566,0.8,1.1,0.75,0.2,1.5,1.7,0.8,0.3,0.2,0.5,1.2,4.8
Caleb Houstan,SF,20.0,Orlando,51.0,4.0,15.9,1.3,3.6,0.363,0.9,2.7,0.338,0.4,0.9,0.435,0.489,0.3,0.4,0.833,0.7,1.3,1.9,0.6,0.2,0.1,0.4,1.2,3.8
Trevor Hudgins,PG,23.0,Houston,5.0,0.0,5.6,0.4,1.8,0.222,0.4,1.6,0.25,0.0,0.2,0.0,0.333,0.6,0.6,1.0,0.0,0.0,0.0,0.6,0.0,0.0,0.2,0.2,1.8
Kevin Huerter,SG,24.0,Sacramento,75.0,75.0,29.4,5.6,11.5,0.485,2.7,6.8,0.402,2.9,4.7,0.604,0.603,1.3,1.7,0.725,0.6,2.8,3.3,2.9,1.1,0.3,1.3,2.4,15.2
Jay Huff,C,24.0,Washington,7.0,0.0,13.6,2.1,3.6,0.6,0.9,1.7,0.5,1.3,1.9,0.692,0.72,2.1,2.3,0.938,0.9,2.1,3.0,1.4,0.4,0.6,0.7,2.1,7.3
De'Andre Hunter,SF,25.0,Atlanta,67.0,67.0,31.7,5.7,12.3,0.461,1.5,4.3,0.35,4.2,8.0,0.521,0.522,2.6,3.1,0.826,0.7,3.6,4.2,1.4,0.5,0.3,1.2,3.0,15.4
Serge Ibaka,C,33.0,Milwaukee,16.0,0.0,11.6,1.6,3.4,0.481,0.4,1.1,0.333,1.3,2.3,0.556,0.537,0.5,0.8,0.615,0.9,1.8,2.8,0.3,0.1,0.4,0.7,1.4,4.1
Andre Iguodala,PF,39.0,Golden State,8.0,0.0,14.1,0.9,1.9,0.467,0.1,1.1,0.111,0.8,0.8,1.0,0.5,0.3,0.4,0.667,0.4,1.8,2.1,2.4,0.5,0.4,1.1,1.4,2.1
Joe Ingles,SF,35.0,Milwaukee,46.0,0.0,22.7,2.3,5.4,0.435,1.8,4.4,0.409,0.5,1.0,0.556,0.603,0.4,0.5,0.857,0.3,2.5,2.8,3.3,0.7,0.1,1.2,1.6,6.9
Brandon Ingram,SF,25.0,New Orleans,45.0,45.0,34.2,9.0,18.6,0.484,1.4,3.6,0.39,7.6,14.9,0.507,0.522,5.3,6.0,0.882,0.5,5.0,5.5,5.8,0.7,0.4,3.3,2.6,24.7
Jonathan Isaac,PF,25.0,Orlando,11.0,0.0,11.3,2.0,4.8,0.415,0.5,1.4,0.4,1.5,3.5,0.421,0.472,0.5,0.8,0.556,1.4,2.6,4.0,0.5,1.3,0.4,0.4,0.5,5.0
Jaden Ivey,SG,20.0,Detroit,74.0,73.0,31.1,5.5,13.3,0.416,1.6,4.7,0.343,3.9,8.6,0.457,0.477,3.6,4.8,0.747,1.0,2.9,3.9,5.2,0.8,0.2,3.2,3.3,16.3
Isaiah Jackson,C,21.0,Indiana,63.0,12.0,16.5,2.8,5.0,0.563,0.0,0.2,0.143,2.8,4.8,0.582,0.566,1.5,2.3,0.651,1.8,2.7,4.5,0.8,0.5,1.5,0.8,2.4,7.2
Jaren Jackson Jr.,C,23.0,Memphis,63.0,63.0,28.4,6.6,13.0,0.506,1.6,4.5,0.355,5.0,8.6,0.585,0.567,3.8,4.9,0.788,1.7,5.0,6.8,1.0,1.0,3.0,1.7,3.6,18.6
Justin Jackson,SF,27.0,Boston,23.0,0.0,4.7,0.3,1.2,0.259,0.2,0.9,0.25,0.1,0.3,0.286,0.352,0.0,0.1,0.5,0.1,0.7,0.7,0.4,0.2,0.2,0.1,0.3,0.9
Quenton Jackson,PG,24.0,Washington,9.0,0.0,15.0,2.1,4.7,0.452,0.1,1.3,0.083,2.0,3.3,0.6,0.464,1.9,2.4,0.773,0.2,0.7,0.9,1.7,0.4,0.1,0.4,1.1,6.2
LeBron James,PF,38.0,LA Lakers,55.0,54.0,35.5,11.1,22.2,0.5,2.2,6.9,0.321,8.9,15.3,0.58,0.549,4.6,5.9,0.768,1.2,7.1,8.3,6.8,0.9,0.6,3.2,1.6,28.9
Ty Jerome,SG,25.0,Golden State,45.0,2.0,18.1,2.6,5.4,0.488,0.8,2.0,0.389,1.8,3.4,0.546,0.56,0.8,0.9,0.927,0.2,1.6,1.7,3.0,0.5,0.1,0.7,1.4,6.9
Isaiah Joe,SG,23.0,Oklahoma City,73.0,10.0,19.1,3.1,7.0,0.441,2.2,5.4,0.409,0.9,1.6,0.553,0.599,1.1,1.4,0.82,0.4,2.0,2.4,1.2,0.7,0.1,0.5,1.4,9.5
Alize Johnson,PF,26.0,San Antonio,4.0,0.0,7.5,0.8,1.5,0.5,0.0,0.5,0.0,0.8,1.0,0.75,0.5,0.3,0.5,0.5,0.5,2.0,2.5,0.3,0.3,0.0,1.0,0.8,1.8
Jalen Johnson,SF,21.0,Atlanta,70.0,6.0,14.9,2.3,4.6,0.491,0.4,1.5,0.288,1.8,3.1,0.587,0.537,0.7,1.1,0.628,0.7,3.3,4.0,1.2,0.5,0.5,0.6,1.6,5.6
James Johnson,PF,35.0,Indiana,18.0,1.0,9.0,1.2,2.7,0.449,0.2,0.8,0.2,1.1,1.9,0.559,0.48,0.2,0.4,0.5,0.2,1.4,1.7,0.8,0.4,0.3,0.4,1.8,2.8
Keldon Johnson,SF,23.0,San Antonio,63.0,63.0,32.7,8.0,17.7,0.452,2.1,6.5,0.329,5.9,11.2,0.523,0.512,3.9,5.2,0.749,0.9,4.2,5.0,2.9,0.7,0.2,2.1,2.0,22.0
Keon Johnson,SG,20.0,Portland,40.0,0.0,10.4,1.7,4.5,0.376,0.7,2.0,0.346,1.0,2.4,0.402,0.455,0.7,1.0,0.659,0.3,0.8,1.1,1.5,0.5,0.2,1.1,1.1,4.7
Stanley Johnson,SF,26.0,San Antonio,30.0,0.0,15.6,2.2,4.1,0.533,0.6,1.3,0.45,1.6,2.7,0.573,0.607,0.9,1.3,0.667,0.7,2.4,3.2,2.2,0.5,0.2,1.1,1.6,5.8
Nikola Jokić,C,27.0,Denver,69.0,69.0,33.7,9.4,14.8,0.632,0.8,2.2,0.383,8.5,12.7,0.675,0.66,4.9,6.0,0.822,2.4,9.4,11.8,9.8,1.3,0.7,3.6,2.5,24.5
Carlik Jones,PG,25.0,Chicago,7.0,0.0,8.0,0.9,2.1,0.4,0.4,0.9,0.5,0.4,1.3,0.333,0.5,0.7,1.1,0.625,0.1,0.6,0.7,0.9,0.3,0.0,0.3,0.3,2.9
Derrick Jones Jr.,PF,25.0,Chicago,64.0,0.0,14.0,1.8,3.6,0.5,0.4,1.3,0.338,1.4,2.3,0.587,0.559,1.0,1.3,0.738,0.9,1.5,2.4,0.5,0.5,0.6,0.4,1.3,5.0
Herbert Jones,PF,24.0,New Orleans,66.0,66.0,29.6,3.6,7.6,0.469,0.8,2.5,0.335,2.7,5.1,0.536,0.525,1.9,2.4,0.764,1.5,2.6,4.1,2.5,1.6,0.6,1.3,3.2,9.8
Kai Jones,C,22.0,Charlotte,46.0,0.0,12.0,1.5,2.6,0.558,0.1,0.4,0.211,1.4,2.2,0.624,0.575,0.4,0.6,0.731,0.8,1.9,2.7,0.3,0.4,0.7,0.7,1.4,3.4
Tre Jones,PG,23.0,San Antonio,68.0,65.0,29.2,5.0,10.9,0.459,0.7,2.3,0.285,4.4,8.6,0.506,0.489,2.2,2.5,0.86,0.8,2.8,3.6,6.6,1.3,0.1,1.6,1.4,12.9
Tyus Jones,PG,26.0,Memphis,80.0,22.0,24.3,3.9,8.9,0.438,1.5,4.1,0.371,2.4,4.8,0.495,0.523,1.0,1.3,0.8,0.4,2.2,2.5,5.2,1.0,0.1,0.9,0.4,10.3
DeAndre Jordan,C,34.0,Denver,39.0,8.0,15.0,2.3,2.9,0.765,0.0,0.0,1.0,2.2,2.9,0.763,0.77,0.6,1.2,0.458,1.3,3.8,5.2,0.9,0.3,0.6,1.2,1.8,5.1
Cory Joseph,PG,31.0,Detroit,62.0,2.0,19.8,2.4,5.7,0.427,1.1,2.9,0.389,1.3,2.8,0.468,0.527,0.9,1.2,0.792,0.3,1.4,1.7,3.5,0.5,0.1,0.9,1.4,6.9
Nikola Jović,PF,19.0,Miami,15.0,8.0,13.6,1.9,4.6,0.406,0.5,2.3,0.229,1.3,2.3,0.588,0.464,1.2,1.3,0.947,0.6,1.5,2.1,0.7,0.5,0.1,0.7,1.3,5.5
Johnny Juzang,SG,21.0,Utah,18.0,0.0,12.9,1.9,5.8,0.337,0.8,3.5,0.238,1.1,2.3,0.488,0.409,0.1,0.2,0.5,0.4,1.7,2.2,0.4,0.2,0.2,0.2,0.7,4.8
Mfiondu Kabengele,PF,25.0,Boston,4.0,0.0,9.0,0.5,1.8,0.286,0.0,0.8,0.0,0.5,1.0,0.5,0.286,0.5,0.5,1.0,1.3,1.3,2.5,0.0,0.5,0.0,0.3,0.8,1.5
Walker Kessler,C,21.0,Utah,74.0,40.0,23.0,4.0,5.6,0.72,0.0,0.0,0.333,4.0,5.6,0.723,0.721,1.1,2.1,0.516,3.1,5.3,8.4,0.9,0.4,2.3,0.8,2.3,9.2
Louis King,PF,23.0,Philadelphia,1.0,0.0,29.0,8.0,13.0,0.615,4.0,8.0,0.5,4.0,5.0,0.8,0.769,0.0,1.0,0.0,2.0,2.0,4.0,2.0,1.0,0.0,2.0,4.0,20.0
Corey Kispert,SF,23.0,Washington,74.0,45.0,28.3,3.9,7.9,0.497,2.2,5.2,0.424,1.7,2.7,0.637,0.637,1.0,1.2,0.852,0.4,2.4,2.8,1.2,0.4,0.1,0.7,1.3,11.1
Maxi Kleber,PF,31.0,Dallas,37.0,5.0,25.1,2.1,4.6,0.456,1.1,3.0,0.348,1.0,1.5,0.667,0.571,0.7,1.0,0.711,0.8,2.8,3.6,1.4,0.3,0.8,0.7,2.3,5.9
Nathan Knight,C,25.0,Minnesota,38.0,0.0,7.7,1.2,2.1,0.568,0.2,0.6,0.364,1.0,1.6,0.644,0.617,1.0,1.5,0.684,0.6,0.9,1.5,0.3,0.3,0.2,0.6,1.1,3.7
Christian Koloko,C,22.0,Toronto,58.0,19.0,13.8,1.2,2.6,0.48,0.0,0.2,0.083,1.2,2.4,0.514,0.483,0.6,1.0,0.627,1.4,1.5,2.9,0.5,0.4,1.0,0.3,2.2,3.1
John Konchar,SF,26.0,Memphis,72.0,23.0,20.8,1.9,4.4,0.431,0.8,2.5,0.339,1.1,2.0,0.545,0.525,0.4,0.5,0.778,0.9,3.4,4.3,1.4,1.1,0.3,0.5,1.6,5.1
Furkan Korkmaz,SG,25.0,Philadelphia,37.0,0.0,9.5,1.3,3.0,0.432,0.5,1.2,0.391,0.8,1.8,0.462,0.514,0.7,1.0,0.722,0.2,1.0,1.1,0.6,0.3,0.1,0.6,0.5,3.8
Luke Kornet,C,27.0,Boston,69.0,0.0,11.7,1.6,2.5,0.665,0.0,0.2,0.231,1.6,2.3,0.701,0.674,0.5,0.6,0.821,1.2,1.6,2.9,0.8,0.2,0.7,0.4,1.2,3.8
Vit Krejci,PG,22.0,Atlanta,29.0,0.0,5.7,0.5,1.3,0.405,0.2,0.7,0.238,0.3,0.6,0.625,0.473,0.0,0.1,0.5,0.2,0.7,0.9,0.6,0.2,0.0,0.2,0.6,1.2
Jonathan Kuminga,PF,20.0,Golden State,67.0,16.0,20.8,3.9,7.4,0.525,0.8,2.2,0.37,3.1,5.2,0.59,0.579,1.3,2.1,0.652,1.0,2.4,3.4,1.9,0.6,0.5,1.4,2.3,9.9
Kyle Kuzma,PF,27.0,Washington,64.0,64.0,35.0,8.0,17.8,0.448,2.5,7.5,0.333,5.5,10.3,0.533,0.518,2.7,3.7,0.73,0.9,6.4,7.2,3.7,0.6,0.5,3.0,2.3,21.2
Anthony Lamb,SF,25.0,Golden State,62.0,4.0,19.3,2.4,5.1,0.471,1.2,3.2,0.367,1.2,1.9,0.652,0.588,0.7,1.0,0.767,0.9,2.6,3.5,1.5,0.5,0.3,0.9,2.2,6.7
Jock Landale,C,27.0,Phoenix,69.0,4.0,14.2,2.6,4.9,0.528,0.3,1.2,0.25,2.3,3.7,0.621,0.559,1.1,1.5,0.752,1.7,2.3,4.1,1.0,0.2,0.4,0.9,1.8,6.6
Romeo Langford,SG,23.0,San Antonio,43.0,21.0,19.6,2.8,6.0,0.467,0.4,1.4,0.262,2.4,4.6,0.53,0.498,0.9,1.3,0.696,1.3,1.3,2.7,1.2,0.6,0.3,0.7,1.6,6.9
Jake LaRavia,PF,21.0,Memphis,35.0,0.0,11.8,1.1,2.7,0.389,0.7,2.0,0.338,0.4,0.7,0.542,0.516,0.2,0.3,0.778,0.5,1.3,1.8,0.6,0.3,0.1,0.5,1.4,3.0
Zach LaVine,SG,27.0,Chicago,77.0,77.0,35.9,8.7,18.0,0.485,2.6,7.1,0.375,6.1,11.0,0.556,0.558,4.7,5.6,0.848,0.5,3.9,4.5,4.2,0.9,0.2,2.5,2.1,24.8
Damion Lee,SG,30.0,Phoenix,74.0,5.0,20.4,2.7,6.1,0.442,1.5,3.3,0.445,1.2,2.8,0.439,0.564,1.3,1.4,0.904,0.5,2.5,3.0,1.3,0.4,0.1,1.1,1.6,8.2
Alex Len,C,29.0,Sacramento,26.0,2.0,6.2,0.6,1.2,0.533,0.0,0.1,0.0,0.6,1.1,0.571,0.533,0.4,0.6,0.688,0.9,1.4,2.3,0.5,0.2,0.4,0.6,1.1,1.7
Kawhi Leonard,SF,31.0,LA Clippers,52.0,50.0,33.6,8.6,16.8,0.512,2.0,4.8,0.416,6.6,11.9,0.551,0.572,4.7,5.4,0.871,1.1,5.4,6.5,3.9,1.4,0.5,1.7,1.6,23.8
Meyers Leonard,C,30.0,Milwaukee,9.0,2.0,12.7,1.6,3.2,0.483,0.8,2.0,0.389,0.8,1.2,0.636,0.603,0.9,1.0,0.889,1.3,2.4,3.8,0.1,0.2,0.0,0.7,1.8,4.8
Caris LeVert,SG,28.0,Cleveland,74.0,30.0,30.2,4.3,10.0,0.431,1.7,4.4,0.392,2.6,5.6,0.462,0.517,1.8,2.4,0.722,0.7,3.1,3.8,3.9,1.0,0.3,1.6,2.3,12.1
Kira Lewis Jr.,PG,21.0,New Orleans,25.0,0.0,9.4,1.6,3.5,0.455,0.6,1.4,0.441,1.0,2.2,0.463,0.54,0.8,0.9,0.864,0.2,1.1,1.3,0.9,0.4,0.1,0.4,1.0,4.6
Damian Lillard,PG,32.0,Portland,58.0,58.0,36.3,9.6,20.7,0.463,4.2,11.3,0.371,5.4,9.4,0.574,0.564,8.8,9.6,0.914,0.8,4.0,4.8,7.3,0.9,0.3,3.3,1.9,32.2
Nassir Little,SF,22.0,Portland,54.0,4.0,18.1,2.5,5.6,0.442,1.1,2.9,0.367,1.4,2.7,0.524,0.538,0.6,0.9,0.717,0.5,2.1,2.6,0.9,0.4,0.4,0.7,1.2,6.6
Isaiah Livers,PF,24.0,Detroit,52.0,22.0,23.1,2.3,5.5,0.417,1.4,3.9,0.365,0.9,1.6,0.541,0.545,0.6,0.8,0.821,0.5,2.2,2.8,0.8,0.5,0.5,0.6,2.0,6.7
Kenneth Lofton Jr.,PF,20.0,Memphis,24.0,1.0,7.3,2.0,3.9,0.527,0.3,0.7,0.353,1.8,3.2,0.566,0.559,0.7,1.1,0.593,0.8,1.3,2.1,0.8,0.2,0.1,0.5,1.2,5.0
Kevon Looney,C,26.0,Golden State,82.0,70.0,23.9,3.0,4.7,0.63,0.0,0.0,0.0,3.0,4.7,0.632,0.63,1.1,1.9,0.606,3.3,5.9,9.3,2.5,0.6,0.6,0.5,2.7,7.0
Brook Lopez,C,34.0,Milwaukee,78.0,78.0,30.4,6.1,11.5,0.531,1.7,4.7,0.374,4.4,6.9,0.637,0.606,1.9,2.4,0.784,2.0,4.7,6.7,1.3,0.5,2.5,1.4,2.6,15.9
Robin Lopez,C,34.0,Cleveland,37.0,2.0,8.1,1.3,2.0,0.64,0.1,0.1,0.5,1.2,1.9,0.648,0.653,0.4,0.5,0.778,0.6,0.8,1.4,0.5,0.1,0.2,0.7,1.2,3.0
Kyle Lowry,PG,36.0,Miami,55.0,44.0,31.2,3.6,8.8,0.404,1.9,5.6,0.345,1.6,3.2,0.509,0.514,2.1,2.5,0.859,0.8,3.3,4.1,5.1,1.0,0.4,1.9,2.6,11.2
Trey Lyles,PF,27.0,Sacramento,74.0,0.0,16.9,2.5,5.5,0.458,1.2,3.2,0.363,1.4,2.3,0.595,0.565,1.4,1.7,0.815,0.9,3.1,4.1,0.9,0.4,0.4,0.9,1.3,7.6
Théo Maledon,PG,21.0,Charlotte,44.0,7.0,19.4,2.3,5.8,0.402,0.6,2.2,0.295,1.7,3.6,0.465,0.457,1.4,1.7,0.851,0.3,2.5,2.8,3.5,0.8,0.3,1.3,1.4,6.7
Terance Mann,SG,26.0,LA Clippers,81.0,36.0,23.1,3.4,6.5,0.519,1.0,2.4,0.389,2.4,4.0,0.598,0.593,1.1,1.5,0.78,1.0,2.5,3.4,2.3,0.5,0.3,1.0,1.8,8.8
Tre Mann,PG,21.0,Oklahoma City,67.0,5.0,17.7,2.9,7.5,0.393,1.2,3.8,0.315,1.7,3.6,0.475,0.474,0.6,0.8,0.764,0.4,1.9,2.3,1.8,0.6,0.2,0.9,1.5,7.7
Boban Marjanović,C,34.0,Houston,31.0,0.0,5.5,1.3,1.9,0.683,0.0,0.0,0.0,1.3,1.9,0.695,0.683,0.6,0.9,0.741,0.6,1.3,1.9,0.3,0.2,0.1,0.5,0.3,3.3
Lauri Markkanen,PF,25.0,Utah,66.0,66.0,34.4,8.7,17.3,0.499,3.0,7.7,0.391,5.6,9.6,0.585,0.586,5.3,6.0,0.875,2.0,6.7,8.6,1.9,0.6,0.6,1.9,2.1,25.6
Naji Marshall,SF,25.0,New Orleans,77.0,21.0,23.3,3.2,7.4,0.433,0.9,2.8,0.303,2.4,4.6,0.513,0.49,1.8,2.3,0.789,0.6,3.0,3.6,2.5,0.7,0.2,1.3,1.5,9.1
Caleb Martin,SF,27.0,Miami,71.0,49.0,29.3,3.6,7.7,0.464,1.2,3.3,0.356,2.4,4.4,0.545,0.54,1.3,1.6,0.805,1.2,3.6,4.8,1.6,1.0,0.4,1.1,2.0,9.6
Cody Martin,SF,27.0,Charlotte,7.0,0.0,19.1,2.0,5.1,0.389,0.4,2.0,0.214,1.6,3.1,0.5,0.431,0.6,1.0,0.571,1.1,2.3,3.4,1.6,0.6,0.1,0.3,1.9,5.0
Kenyon Martin Jr.,SF,22.0,Houston,82.0,49.0,28.0,5.0,8.8,0.569,0.8,2.6,0.315,4.2,6.1,0.679,0.617,1.8,2.7,0.68,1.5,4.0,5.5,1.5,0.5,0.4,1.1,1.8,12.7
Tyrese Martin,SG,23.0,Atlanta,16.0,0.0,4.1,0.6,1.4,0.391,0.1,0.4,0.143,0.5,1.0,0.5,0.413,0.1,0.1,1.0,0.3,0.4,0.8,0.1,0.1,0.0,0.1,0.1,1.3
Bennedict Mathurin,SG,20.0,Indiana,78.0,17.0,28.5,5.3,12.2,0.434,1.3,4.0,0.323,4.0,8.2,0.488,0.487,4.8,5.8,0.828,1.1,3.0,4.1,1.5,0.6,0.2,1.9,2.1,16.7
Wesley Matthews,SF,36.0,Milwaukee,52.0,0.0,15.8,1.1,3.1,0.363,0.8,2.4,0.315,0.4,0.7,0.528,0.484,0.5,0.5,0.857,0.7,1.5,2.2,0.7,0.4,0.3,0.3,1.4,3.4
Tyrese Maxey,SG,22.0,Philadelphia,60.0,41.0,33.6,7.3,15.2,0.481,2.7,6.2,0.434,4.7,9.1,0.513,0.568,3.0,3.6,0.845,0.4,2.6,2.9,3.5,0.8,0.1,1.3,2.2,20.3
Skylar Mays,PG,25.0,Portland,6.0,6.0,31.5,5.7,11.3,0.5,2.0,4.3,0.462,3.7,7.0,0.524,0.588,2.0,2.2,0.923,0.3,2.8,3.2,8.3,1.0,0.2,1.7,1.8,15.3
Miles McBride,PG,22.0,New York,64.0,2.0,11.9,1.2,3.4,0.358,0.6,2.1,0.299,0.6,1.3,0.457,0.451,0.4,0.7,0.667,0.2,0.6,0.8,1.1,0.6,0.1,0.4,0.9,3.5
Mac McClung,SG,24.0,Philadelphia,2.0,0.0,20.5,4.5,10.0,0.45,2.0,5.5,0.364,2.5,4.5,0.556,0.55,1.5,2.5,0.6,1.5,3.5,5.0,4.5,0.0,0.0,1.5,1.5,12.5
CJ McCollum,SG,31.0,New Orleans,75.0,75.0,35.3,7.8,17.9,0.437,2.8,7.2,0.389,5.0,10.7,0.469,0.515,2.4,3.2,0.769,0.7,3.6,4.4,5.7,0.9,0.5,2.4,2.0,20.9
T.J. McConnell,PG,30.0,Indiana,75.0,6.0,20.3,3.8,6.9,0.543,0.3,0.8,0.441,3.4,6.2,0.556,0.568,0.8,0.9,0.853,0.6,2.5,3.1,5.3,1.1,0.1,1.9,1.4,8.7
Jaden McDaniels,SF,22.0,Minnesota,79.0,79.0,30.6,4.7,9.1,0.517,1.4,3.4,0.398,3.3,5.7,0.588,0.591,1.3,1.8,0.736,1.2,2.7,3.9,1.9,0.9,1.0,1.4,3.4,12.1
Doug McDermott,SF,31.0,San Antonio,64.0,0.0,20.5,3.7,8.2,0.457,1.9,4.7,0.413,1.8,3.5,0.516,0.575,0.8,1.1,0.757,0.4,1.8,2.2,1.4,0.2,0.1,0.9,1.8,10.2
JaVale McGee,C,35.0,Dallas,42.0,7.0,8.5,1.9,3.0,0.64,0.0,0.1,0.4,1.9,2.9,0.65,0.648,0.6,1.0,0.585,0.7,1.8,2.5,0.3,0.1,0.6,0.9,1.3,4.4
Bryce McGowens,SG,20.0,Charlotte,46.0,7.0,17.1,1.7,4.4,0.396,0.6,1.7,0.325,1.2,2.7,0.443,0.46,1.3,1.7,0.75,0.4,1.6,2.0,1.2,0.3,0.1,0.9,1.0,5.3
Rodney McGruder,SG,31.0,Detroit,32.0,12.0,16.4,1.9,4.8,0.408,1.3,3.0,0.423,0.7,1.7,0.382,0.543,0.6,0.7,0.818,0.6,1.7,2.3,0.9,0.5,0.0,0.3,1.2,5.7
Jordan McLaughlin,PG,26.0,Minnesota,43.0,0.0,15.8,1.4,3.4,0.421,0.6,1.8,0.308,0.9,1.6,0.552,0.503,0.3,0.4,0.833,0.3,1.1,1.4,3.4,0.7,0.1,0.8,0.7,3.7
De'Anthony Melton,SG,24.0,Philadelphia,77.0,58.0,27.9,3.6,8.5,0.425,2.0,5.2,0.39,1.6,3.2,0.484,0.546,0.9,1.1,0.793,0.9,3.2,4.1,2.6,1.6,0.5,1.3,2.5,10.1
Sam Merrill,SG,26.0,Cleveland,5.0,0.0,11.8,1.8,4.4,0.409,1.0,3.6,0.278,0.8,0.8,1.0,0.523,0.4,0.4,1.0,0.0,1.8,1.8,1.0,0.8,0.0,0.0,0.6,5.0
Chimezie Metu,PF,25.0,Sacramento,66.0,0.0,10.4,2.0,3.3,0.589,0.1,0.6,0.237,1.8,2.7,0.663,0.61,0.8,1.1,0.74,0.7,2.3,3.0,0.6,0.3,0.3,0.5,1.2,4.9
Khris Middleton,SF,31.0,Milwaukee,33.0,19.0,24.3,5.4,12.3,0.436,1.5,4.9,0.315,3.8,7.4,0.516,0.499,2.8,3.1,0.902,0.8,3.4,4.2,4.9,0.7,0.2,2.2,2.1,15.1
Patty Mills,PG,34.0,Brooklyn,40.0,2.0,14.2,2.2,5.2,0.411,1.2,3.4,0.366,0.9,1.9,0.493,0.529,0.6,0.8,0.833,0.2,0.9,1.1,1.4,0.4,0.1,0.8,0.8,6.2
Shake Milton,SG,26.0,Philadelphia,76.0,11.0,20.6,3.2,6.6,0.479,0.7,1.9,0.378,2.4,4.7,0.521,0.535,1.3,1.5,0.853,0.5,2.0,2.5,3.2,0.3,0.2,1.2,1.6,8.4
Justin Minaya,SF,23.0,Portland,4.0,0.0,22.3,1.8,5.8,0.304,0.8,3.0,0.25,1.0,2.8,0.364,0.37,0.0,0.3,0.0,0.8,3.0,3.8,1.0,0.5,1.3,1.0,2.3,4.3
Josh Minott,SF,20.0,Minnesota,15.0,0.0,6.4,1.2,2.4,0.5,0.1,0.4,0.333,1.1,2.0,0.533,0.528,0.5,0.5,1.0,0.3,1.3,1.7,0.3,0.3,0.4,0.2,0.7,3.1
Davion Mitchell,PG,24.0,Sacramento,80.0,9.0,18.1,2.3,5.0,0.454,0.8,2.5,0.32,1.5,2.5,0.584,0.533,0.3,0.4,0.806,0.2,1.1,1.3,2.3,0.6,0.2,0.8,1.4,5.6
Donovan Mitchell,SG,26.0,Cleveland,68.0,68.0,35.8,10.0,20.6,0.484,3.6,9.3,0.386,6.4,11.3,0.566,0.572,4.7,5.4,0.867,0.9,3.3,4.3,4.4,1.5,0.4,2.6,2.5,28.3
Evan Mobley,PF,21.0,Cleveland,79.0,79.0,34.4,6.6,12.0,0.554,0.3,1.3,0.216,6.4,10.7,0.595,0.566,2.6,3.8,0.674,2.4,6.6,9.0,2.8,0.8,1.5,1.8,2.8,16.2
Isaiah Mobley,PF,23.0,Cleveland,12.0,0.0,7.0,1.0,2.3,0.429,0.3,0.7,0.375,0.8,1.7,0.45,0.482,0.3,0.3,1.0,0.3,1.3,1.7,0.3,0.3,0.3,0.1,0.7,2.6
Malik Monk,SG,24.0,Sacramento,77.0,0.0,22.3,4.6,10.3,0.448,1.9,5.2,0.359,2.8,5.2,0.538,0.538,2.4,2.7,0.889,0.4,2.2,2.6,3.9,0.6,0.3,1.9,1.6,13.5
Moses Moody,SG,20.0,Golden State,63.0,3.0,13.0,1.7,3.6,0.476,0.8,2.1,0.363,0.9,1.5,0.641,0.584,0.6,0.8,0.698,0.4,1.2,1.7,0.8,0.3,0.1,0.5,0.9,4.8
Wendell Moore Jr.,SG,21.0,Minnesota,29.0,2.0,5.3,0.6,1.5,0.419,0.1,0.6,0.118,0.6,0.9,0.615,0.442,0.1,0.2,0.8,0.1,0.5,0.6,0.6,0.3,0.2,0.3,0.4,1.4
Ja Morant,PG,23.0,Memphis,61.0,59.0,31.9,9.3,19.9,0.466,1.5,4.9,0.307,7.8,15.0,0.519,0.504,6.1,8.1,0.748,1.0,4.9,5.9,8.1,1.1,0.3,3.4,1.6,26.2
Marcus Morris,PF,33.0,LA Clippers,65.0,65.0,28.1,4.2,9.9,0.426,1.7,4.7,0.364,2.5,5.2,0.484,0.513,1.0,1.3,0.782,0.4,3.5,4.0,1.8,0.6,0.3,0.9,2.1,11.2
Monte Morris,PG,27.0,Washington,62.0,61.0,27.3,4.0,8.3,0.48,1.3,3.3,0.382,2.7,5.0,0.543,0.555,1.0,1.2,0.831,0.4,3.0,3.4,5.3,0.7,0.2,1.0,1.2,10.3
Trey Murphy III,SF,22.0,New Orleans,79.0,65.0,31.0,4.9,10.1,0.484,2.6,6.3,0.406,2.3,3.8,0.611,0.61,2.2,2.4,0.905,0.7,2.8,3.6,1.4,1.1,0.5,0.8,2.0,14.5
Dejounte Murray,SG,26.0,Atlanta,74.0,74.0,36.4,8.3,17.8,0.464,1.8,5.2,0.344,6.5,12.6,0.514,0.514,2.1,2.6,0.832,0.7,4.5,5.3,6.1,1.5,0.3,2.2,1.4,20.5
Jamal Murray,PG,25.0,Denver,65.0,65.0,32.8,7.3,16.0,0.454,2.6,6.6,0.398,4.6,9.4,0.494,0.537,2.8,3.3,0.833,0.7,3.2,4.0,6.2,1.0,0.2,2.2,1.6,20.0
Keegan Murray,SF,22.0,Sacramento,80.0,78.0,29.8,4.4,9.8,0.453,2.6,6.3,0.411,1.9,3.5,0.527,0.584,0.8,1.0,0.765,1.1,3.5,4.6,1.2,0.8,0.5,0.8,2.0,12.2
Larry Nance Jr.,C,30.0,New Orleans,65.0,1.0,21.2,2.9,4.7,0.61,0.2,0.6,0.333,2.6,4.0,0.654,0.633,0.8,1.2,0.696,1.6,3.8,5.4,1.8,0.9,0.6,0.6,2.0,6.8
Andrew Nembhard,SG,23.0,Indiana,75.0,63.0,27.6,3.8,8.6,0.441,1.2,3.5,0.35,2.6,5.1,0.504,0.512,0.7,0.8,0.79,0.5,2.2,2.7,4.5,0.9,0.2,1.7,2.4,9.5
Aaron Nesmith,SF,23.0,Indiana,73.0,60.0,24.9,3.5,8.1,0.427,1.6,4.3,0.366,1.9,3.8,0.496,0.525,1.6,1.9,0.838,0.8,2.9,3.8,1.3,0.8,0.5,1.0,3.2,10.1
Raul Neto,PG,30.0,Cleveland,48.0,1.0,10.5,1.2,2.3,0.518,0.3,0.9,0.286,0.9,1.4,0.662,0.573,0.6,0.7,0.912,0.2,0.8,1.0,1.6,0.4,0.1,0.5,1.0,3.3
Georges Niang,PF,29.0,Philadelphia,78.0,1.0,19.4,2.8,6.4,0.442,2.0,4.9,0.401,0.9,1.5,0.576,0.596,0.5,0.6,0.867,0.2,2.1,2.4,1.0,0.4,0.2,0.7,1.9,8.2
Daishen Nix,PG,20.0,Houston,57.0,7.0,16.0,1.4,4.2,0.342,0.7,2.5,0.286,0.7,1.7,0.423,0.426,0.4,0.6,0.667,0.3,1.4,1.7,2.3,0.5,0.1,1.5,1.0,4.0
Zeke Nnaji,PF,22.0,Denver,53.0,5.0,13.7,2.1,3.7,0.561,0.3,1.2,0.262,1.8,2.5,0.71,0.605,0.8,1.2,0.645,1.2,1.4,2.6,0.3,0.3,0.4,0.6,2.0,5.2
Jaylen Nowell,SG,23.0,Minnesota,65.0,2.0,19.3,4.3,9.6,0.448,1.0,3.6,0.289,3.3,6.0,0.542,0.502,1.2,1.5,0.778,0.6,2.1,2.6,2.0,0.6,0.1,1.0,1.6,10.8
Frank Ntilikina,SG,24.0,Dallas,47.0,5.0,12.9,1.0,2.8,0.364,0.4,1.4,0.254,0.7,1.4,0.477,0.428,0.5,0.7,0.667,0.1,1.2,1.3,1.2,0.3,0.1,0.6,1.4,2.9
Jusuf Nurkić,C,28.0,Portland,52.0,52.0,26.8,5.0,9.7,0.519,0.8,2.3,0.361,4.2,7.4,0.567,0.561,2.4,3.7,0.661,2.2,6.9,9.1,2.9,0.8,0.8,2.3,3.6,13.3
Royce O'Neale,SF,29.0,Brooklyn,76.0,53.0,31.7,3.0,7.8,0.386,2.1,5.5,0.389,0.9,2.3,0.379,0.524,0.7,0.9,0.725,0.7,4.3,5.1,3.7,0.9,0.6,1.5,3.1,8.8
Chuma Okeke,SF,24.0,Orlando,27.0,8.0,19.2,1.6,4.5,0.352,1.0,3.2,0.302,0.6,1.3,0.472,0.459,0.6,0.8,0.762,1.0,2.6,3.6,1.4,0.7,0.4,0.6,1.5,4.7
Josh Okogie,SG,24.0,Phoenix,72.0,26.0,18.8,2.3,5.8,0.391,0.9,2.7,0.335,1.3,3.0,0.442,0.471,1.9,2.7,0.724,1.5,2.0,3.5,1.5,0.8,0.5,0.9,1.6,7.3
Onyeka Okongwu,C,22.0,Atlanta,80.0,18.0,23.1,4.0,6.2,0.638,0.1,0.2,0.308,3.9,6.1,0.647,0.642,1.9,2.5,0.781,2.7,4.5,7.2,1.0,0.7,1.3,1.0,3.1,9.9
Isaac Okoro,SF,22.0,Cleveland,76.0,46.0,21.7,2.3,4.7,0.494,0.8,2.3,0.363,1.5,2.4,0.617,0.582,1.0,1.4,0.757,0.7,1.8,2.5,1.1,0.7,0.4,0.6,2.1,6.4
KZ Okpala,PF,23.0,Sacramento,35.0,3.0,7.1,0.5,1.1,0.421,0.2,0.6,0.333,0.3,0.5,0.529,0.513,0.2,0.2,0.875,0.2,0.8,1.0,0.4,0.2,0.2,0.2,1.1,1.3
Victor Oladipo,SG,30.0,Miami,42.0,2.0,26.3,3.8,9.6,0.397,1.7,5.0,0.33,2.1,4.5,0.471,0.484,1.4,1.9,0.747,0.4,2.7,3.0,3.5,1.4,0.3,2.1,2.4,10.7
Kelly Olynyk,C,31.0,Utah,68.0,68.0,28.6,4.1,8.2,0.499,1.4,3.5,0.394,2.7,4.7,0.576,0.583,2.9,3.4,0.853,1.2,5.0,6.2,3.7,0.9,0.5,2.5,3.4,12.5
Cedi Osman,SF,27.0,Cleveland,77.0,2.0,20.1,3.1,6.9,0.451,1.5,4.1,0.372,1.6,2.8,0.564,0.56,1.0,1.4,0.694,0.3,2.0,2.3,1.5,0.5,0.1,0.7,1.6,8.7
Kelly Oubre Jr.,SF,27.0,Charlotte,48.0,40.0,32.3,7.4,17.1,0.431,2.3,7.1,0.319,5.1,10.0,0.51,0.497,3.3,4.3,0.76,1.4,3.8,5.2,1.1,1.4,0.4,1.3,2.9,20.3
Chris Paul,PG,37.0,Phoenix,59.0,59.0,32.0,5.0,11.3,0.44,1.7,4.4,0.375,3.3,6.9,0.482,0.513,2.3,2.7,0.831,0.5,3.8,4.3,8.9,1.5,0.4,1.9,2.1,13.9
Cameron Payne,PG,28.0,Phoenix,48.0,15.0,20.2,3.9,9.4,0.415,1.4,3.9,0.368,2.5,5.6,0.448,0.49,1.0,1.3,0.766,0.3,2.0,2.2,4.5,0.7,0.2,1.7,1.8,10.3
Theo Pinson,SG,27.0,Dallas,40.0,1.0,8.1,0.8,2.2,0.356,0.6,1.6,0.355,0.2,0.6,0.36,0.483,0.3,0.3,0.846,0.3,1.3,1.6,1.2,0.2,0.0,0.3,0.9,2.4
Scotty Pippen Jr.,PG,22.0,LA Lakers,6.0,0.0,5.3,0.7,2.0,0.333,0.2,0.5,0.333,0.5,1.5,0.333,0.375,0.8,1.5,0.556,0.3,0.3,0.7,0.3,0.3,0.2,0.3,0.5,2.3
Aleksej Pokusevski,PF,21.0,Oklahoma City,34.0,25.0,20.6,3.2,7.3,0.434,1.1,3.1,0.365,2.1,4.3,0.483,0.51,0.6,1.0,0.629,1.3,3.4,4.7,1.9,0.6,1.3,1.3,1.7,8.1
Jordan Poole,PG,23.0,Golden State,82.0,43.0,30.0,6.7,15.6,0.43,2.6,7.8,0.336,4.1,7.8,0.524,0.514,4.4,5.1,0.87,0.4,2.4,2.7,4.5,0.8,0.3,3.1,2.6,20.4
Kevin Porter Jr.,PG,22.0,Houston,59.0,59.0,34.3,6.6,15.0,0.442,2.4,6.5,0.366,4.2,8.5,0.501,0.522,3.5,4.5,0.784,1.3,4.0,5.3,5.7,1.4,0.3,3.2,2.6,19.2
Michael Porter Jr.,SF,24.0,Denver,62.0,62.0,29.0,6.4,13.2,0.487,3.0,7.3,0.414,3.4,5.9,0.579,0.602,1.5,1.9,0.8,1.0,4.5,5.5,1.0,0.6,0.5,1.1,1.9,17.4
Otto Porter Jr.,SF,29.0,Toronto,8.0,2.0,18.3,1.9,3.8,0.5,0.8,2.1,0.353,1.1,1.6,0.692,0.6,1.0,1.0,1.0,0.8,1.6,2.4,1.0,1.4,0.0,0.5,0.9,5.5
Bobby Portis,PF,27.0,Milwaukee,70.0,22.0,26.0,5.7,11.5,0.496,1.4,3.7,0.37,4.3,7.8,0.555,0.555,1.4,1.8,0.768,2.2,7.4,9.6,1.5,0.4,0.2,1.2,1.6,14.1
Kristaps Porziņģis,C,27.0,Washington,65.0,65.0,32.6,7.8,15.7,0.498,2.1,5.5,0.385,5.7,10.2,0.559,0.565,5.4,6.4,0.851,1.8,6.6,8.4,2.7,0.9,1.5,2.1,3.0,23.2
Dwight Powell,C,31.0,Dallas,76.0,64.0,19.2,2.6,3.5,0.732,0.0,0.1,0.0,2.6,3.5,0.746,0.732,1.5,2.2,0.667,2.0,2.2,4.1,0.9,0.6,0.3,0.9,2.8,6.7
Norman Powell,SG,29.0,LA Clippers,60.0,8.0,26.1,5.7,11.8,0.479,1.9,4.8,0.397,3.8,7.1,0.534,0.559,3.8,4.6,0.812,0.4,2.5,2.9,1.8,0.8,0.3,1.7,2.1,17.0
Jason Preston,PG,23.0,LA Clippers,14.0,0.0,8.9,1.3,2.9,0.439,0.4,1.3,0.278,0.9,1.6,0.565,0.5,0.0,0.1,0.0,0.1,1.4,1.6,1.9,0.1,0.0,0.7,0.5,2.9
Joshua Primo,SG,20.0,San Antonio,4.0,0.0,23.3,2.3,6.5,0.346,0.8,3.0,0.25,1.5,3.5,0.429,0.404,1.8,2.3,0.778,0.5,2.8,3.3,4.5,0.3,0.5,2.8,2.0,7.0
Taurean Prince,PF,28.0,Minnesota,54.0,4.0,22.1,3.3,7.0,0.467,1.4,3.6,0.381,1.9,3.4,0.557,0.565,1.2,1.4,0.844,0.3,2.2,2.4,1.6,0.5,0.3,1.3,2.3,9.1
Payton Pritchard,PG,25.0,Boston,48.0,3.0,13.4,2.1,5.1,0.412,1.2,3.2,0.364,0.9,1.9,0.495,0.527,0.3,0.3,0.75,0.5,1.3,1.8,1.3,0.3,0.0,0.8,0.8,5.6
Trevelin Queen,SG,25.0,Indiana,7.0,0.0,10.0,1.0,4.1,0.241,0.3,2.1,0.133,0.7,2.0,0.357,0.276,0.7,0.7,1.0,1.1,1.3,2.4,0.9,0.3,0.7,1.0,0.6,3.0
Immanuel Quickley,SG,23.0,New York,81.0,21.0,28.9,5.2,11.6,0.448,2.1,5.6,0.37,3.1,6.0,0.521,0.537,2.5,3.1,0.819,0.7,3.4,4.2,3.4,1.0,0.2,1.2,2.0,14.9
Lester Quinones,SG,22.0,Golden State,4.0,0.0,4.5,0.5,1.3,0.4,0.5,1.0,0.5,0.0,0.3,0.0,0.6,1.0,1.5,0.667,0.3,0.5,0.8,0.5,0.3,0.0,1.3,0.0,2.5
Julius Randle,PF,28.0,New York,77.0,77.0,35.5,8.5,18.6,0.459,2.8,8.3,0.343,5.7,10.3,0.553,0.536,5.2,6.9,0.757,1.8,8.1,10.0,4.1,0.6,0.3,2.8,3.0,25.1
Austin Reaves,SG,24.0,LA Lakers,64.0,22.0,28.8,4.0,7.7,0.529,1.3,3.4,0.398,2.7,4.3,0.631,0.616,3.6,4.1,0.864,0.5,2.5,3.0,3.4,0.5,0.3,1.5,1.7,13.0
Paul Reed,C,23.0,Philadelphia,69.0,2.0,10.9,1.8,3.0,0.593,0.0,0.1,0.167,1.8,2.9,0.606,0.596,0.6,0.7,0.745,1.6,2.2,3.8,0.4,0.7,0.7,0.7,1.8,4.2
Naz Reid,C,23.0,Minnesota,68.0,11.0,18.4,4.6,8.5,0.537,1.1,3.2,0.346,3.5,5.3,0.653,0.602,1.3,1.9,0.677,1.1,3.8,4.9,1.1,0.6,0.8,1.4,2.6,11.5
Jared Rhoden,SG,23.0,Detroit,14.0,0.0,14.1,1.2,3.1,0.386,0.4,1.4,0.25,0.9,1.7,0.5,0.443,0.4,0.4,1.0,0.8,1.9,2.6,0.3,0.3,0.1,0.2,1.6,3.2
Nick Richards,C,25.0,Charlotte,65.0,9.0,18.7,3.0,4.8,0.629,0.0,0.0,1.0,3.0,4.8,0.628,0.631,2.1,2.8,0.749,2.3,4.1,6.4,0.6,0.2,1.1,0.9,2.4,8.2
Austin Rivers,SG,30.0,Minnesota,52.0,10.0,19.5,1.8,4.0,0.435,0.8,2.4,0.35,0.9,1.7,0.558,0.538,0.6,0.8,0.769,0.1,1.5,1.6,1.4,0.5,0.1,0.4,1.5,4.9
Duncan Robinson,SF,28.0,Miami,42.0,1.0,16.5,2.1,5.6,0.371,1.5,4.6,0.328,0.6,1.1,0.556,0.504,0.7,0.8,0.906,0.2,1.5,1.6,1.1,0.3,0.0,0.7,1.8,6.4
Orlando Robinson,C,22.0,Miami,31.0,1.0,13.7,1.5,2.9,0.528,0.0,0.2,0.0,1.5,2.7,0.566,0.528,0.7,1.0,0.71,1.5,2.5,4.1,0.8,0.4,0.4,0.5,1.7,3.7
Jeremiah Robinson-Earl,PF,22.0,Oklahoma City,43.0,20.0,18.9,2.6,5.8,0.444,0.9,2.6,0.333,1.7,3.2,0.533,0.518,0.8,1.0,0.833,1.7,2.5,4.2,1.0,0.6,0.3,0.4,1.7,6.8
Isaiah Roby,PF,24.0,San Antonio,42.0,2.0,11.3,1.6,3.7,0.432,0.4,1.4,0.3,1.2,2.3,0.516,0.49,0.5,1.0,0.488,0.5,2.0,2.5,0.9,0.4,0.2,0.7,1.3,4.1
David Roddy,PF,21.0,Memphis,70.0,4.0,18.0,2.6,6.0,0.429,0.9,3.0,0.307,1.6,3.0,0.553,0.506,0.6,0.9,0.631,0.7,2.0,2.8,0.8,0.4,0.3,0.8,1.5,6.7
Ryan Rollins,PG,20.0,Golden State,12.0,0.0,5.2,0.6,1.7,0.35,0.3,0.8,0.333,0.3,0.9,0.364,0.425,0.5,0.5,1.0,0.3,0.8,1.0,0.5,0.1,0.1,1.3,0.8,1.9
Derrick Rose,PG,34.0,New York,27.0,0.0,12.5,2.3,5.9,0.384,0.7,2.3,0.302,1.6,3.6,0.438,0.443,0.4,0.4,0.917,0.3,1.2,1.5,1.7,0.3,0.2,0.8,0.7,5.6
Terry Rozier,SG,28.0,Charlotte,63.0,63.0,35.3,7.8,18.9,0.415,2.6,8.0,0.327,5.2,10.8,0.48,0.484,2.8,3.5,0.809,0.8,3.3,4.1,5.1,1.2,0.3,2.1,1.9,21.1
Ricky Rubio,PG,32.0,Cleveland,33.0,2.0,17.2,1.8,5.4,0.343,0.6,2.5,0.256,1.2,2.9,0.417,0.402,0.8,1.1,0.8,0.3,1.8,2.1,3.5,0.8,0.2,0.9,1.5,5.2
Domantas Sabonis,C,26.0,Sacramento,79.0,79.0,34.6,7.3,11.9,0.615,0.4,1.1,0.373,6.9,10.8,0.639,0.632,4.1,5.5,0.742,3.2,9.1,12.3,7.3,0.8,0.5,2.9,3.5,19.1
Luka Šamanić,PF,23.0,Utah,7.0,4.0,23.0,3.7,8.1,0.456,1.1,4.4,0.258,2.6,3.7,0.692,0.526,1.3,1.9,0.692,0.0,4.3,4.3,2.1,0.9,0.3,1.4,2.4,9.9
Olivier Sarr,C,23.0,Oklahoma City,9.0,1.0,12.7,1.7,3.3,0.5,0.1,0.9,0.125,1.6,2.4,0.636,0.517,0.6,0.8,0.714,1.3,2.1,3.4,0.4,0.1,0.6,0.4,1.9,4.0
Admiral Schofield,PF,25.0,Orlando,37.0,0.0,12.2,1.5,3.3,0.451,0.6,2.0,0.324,0.8,1.3,0.646,0.549,0.6,0.6,0.913,0.6,1.1,1.7,0.8,0.2,0.1,0.4,1.6,4.2
Dennis Schröder,PG,29.0,LA Lakers,66.0,50.0,30.1,4.1,9.8,0.415,1.1,3.4,0.329,3.0,6.4,0.461,0.472,3.3,3.8,0.857,0.3,2.2,2.5,4.5,0.8,0.2,1.7,2.2,12.6
Jay Scrubb,SG,22.0,Orlando,2.0,0.0,15.0,2.5,3.5,0.714,1.0,1.0,1.0,1.5,2.5,0.6,0.857,0.5,1.0,0.5,0.0,3.0,3.0,0.5,1.0,0.0,1.5,1.0,6.5
Alperen Şengün,C,20.0,Houston,75.0,72.0,28.9,5.9,10.7,0.553,0.3,0.8,0.333,5.6,9.9,0.57,0.565,2.7,3.8,0.715,3.2,5.8,9.0,3.9,0.9,0.9,2.6,3.4,14.8
Collin Sexton,PG,24.0,Utah,48.0,15.0,23.9,4.9,9.8,0.506,1.0,2.5,0.393,3.9,7.2,0.546,0.558,3.4,4.1,0.819,0.8,1.4,2.2,2.9,0.6,0.1,1.8,2.3,14.3
Landry Shamet,SG,25.0,Phoenix,40.0,9.0,20.2,2.8,7.5,0.377,1.9,5.0,0.377,1.0,2.5,0.376,0.502,1.1,1.3,0.882,0.3,1.4,1.7,2.3,0.7,0.1,0.9,1.5,8.7
Day'Ron Sharpe,C,21.0,Brooklyn,48.0,3.0,11.5,1.9,3.6,0.544,0.1,0.2,0.545,1.8,3.3,0.544,0.561,0.7,1.1,0.636,2.1,2.1,4.2,0.8,0.3,0.7,0.9,1.9,4.7
Shaedon Sharpe,SG,19.0,Portland,80.0,15.0,22.2,3.8,8.1,0.472,1.3,3.5,0.36,2.6,4.6,0.559,0.551,0.9,1.3,0.714,0.8,2.2,3.0,1.2,0.5,0.3,1.0,1.7,9.9
Pascal Siakam,PF,28.0,Toronto,71.0,71.0,37.4,8.9,18.5,0.48,1.3,4.0,0.324,7.6,14.5,0.523,0.515,5.2,6.7,0.774,1.8,6.0,7.8,5.8,0.9,0.5,2.4,3.2,24.2
Ben Simmons,PG,26.0,Brooklyn,42.0,33.0,26.3,3.2,5.6,0.566,0.0,0.0,0.0,3.2,5.5,0.571,0.566,0.6,1.4,0.439,1.0,5.3,6.3,6.1,1.3,0.6,2.3,3.3,6.9
Kobi Simmons,SG,25.0,Charlotte,5.0,0.0,5.6,0.2,1.2,0.167,0.2,1.0,0.2,0.0,0.2,0.0,0.25,0.4,0.4,1.0,0.2,0.6,0.8,1.0,0.0,0.4,0.2,0.0,1.0
Marko Simonovic,C,23.0,Chicago,7.0,0.0,2.9,0.3,1.0,0.286,0.1,0.6,0.25,0.1,0.4,0.333,0.357,0.1,0.3,0.5,0.1,0.1,0.3,0.0,0.0,0.0,0.0,0.7,0.9
Anfernee Simons,SG,23.0,Portland,62.0,62.0,35.0,7.5,16.9,0.447,3.4,9.1,0.377,4.1,7.8,0.528,0.548,2.6,2.9,0.894,0.3,2.3,2.6,4.1,0.7,0.2,2.1,2.3,21.1
Jericho Sims,C,24.0,New York,52.0,16.0,15.6,1.6,2.1,0.776,0.0,0.0,0.0,1.6,2.0,0.783,0.776,0.2,0.3,0.75,1.9,2.8,4.7,0.5,0.3,0.5,0.5,1.8,3.4
Marcus Smart,PG,28.0,Boston,61.0,61.0,32.1,4.1,9.9,0.415,1.9,5.6,0.336,2.2,4.3,0.519,0.511,1.4,1.9,0.746,0.8,2.4,3.1,6.3,1.5,0.4,2.3,2.8,11.5
Dennis Smith Jr.,PG,25.0,Charlotte,54.0,15.0,25.7,3.4,8.4,0.412,0.4,2.1,0.216,3.0,6.3,0.475,0.438,1.4,2.0,0.736,0.5,2.6,3.1,4.8,1.4,0.5,1.5,2.3,8.8
Ish Smith,PG,34.0,Denver,43.0,0.0,9.3,1.2,3.0,0.397,0.0,0.3,0.167,1.2,2.8,0.42,0.405,0.0,0.1,0.5,0.1,1.1,1.3,2.3,0.2,0.2,1.0,0.8,2.5
Jabari Smith Jr.,PF,19.0,Houston,79.0,79.0,31.0,4.6,11.3,0.408,1.5,4.9,0.307,3.1,6.3,0.487,0.475,2.1,2.6,0.786,1.5,5.7,7.2,1.3,0.5,0.9,1.3,2.9,12.8
Jalen Smith,C,22.0,Indiana,68.0,31.0,18.8,3.6,7.5,0.476,0.8,2.8,0.283,2.8,4.7,0.593,0.53,1.5,2.0,0.759,1.9,3.9,5.8,1.0,0.3,0.9,1.1,2.3,9.4
Xavier Sneed,SF,25.0,Charlotte,4.0,0.0,12.0,1.3,2.5,0.5,0.8,1.5,0.5,0.5,1.0,0.5,0.65,1.0,1.0,1.0,0.0,1.3,1.3,1.3,0.0,0.3,0.8,1.8,4.3
Jeremy Sochan,PF,19.0,San Antonio,56.0,53.0,26.0,4.5,9.9,0.453,0.6,2.4,0.246,3.9,7.5,0.519,0.483,1.4,2.1,0.698,1.7,3.6,5.3,2.5,0.8,0.4,1.7,2.5,11.0
Jaden Springer,SG,20.0,Philadelphia,16.0,2.0,5.6,1.1,2.2,0.486,0.1,0.3,0.4,0.9,1.9,0.5,0.514,0.4,0.5,0.75,0.4,0.5,0.9,0.5,0.4,0.2,0.2,0.9,2.6
Lamar Stevens,SF,25.0,Cleveland,62.0,25.0,18.1,2.1,4.6,0.448,0.5,1.5,0.316,1.6,3.1,0.513,0.5,0.6,0.9,0.702,0.8,2.6,3.3,0.5,0.4,0.3,0.4,1.3,5.3
Isaiah Stewart,C,21.0,Detroit,50.0,47.0,28.3,3.9,8.8,0.442,1.3,4.1,0.327,2.6,4.7,0.542,0.518,2.2,3.0,0.738,2.3,5.8,8.1,1.4,0.4,0.7,1.4,2.7,11.3
Max Strus,SF,26.0,Miami,80.0,33.0,28.4,4.1,9.9,0.41,2.5,7.0,0.35,1.6,2.8,0.559,0.535,1.0,1.1,0.876,0.6,2.6,3.2,2.1,0.5,0.2,0.9,2.1,11.5
Jalen Suggs,SG,21.0,Orlando,53.0,19.0,23.5,3.5,8.4,0.419,1.2,3.8,0.327,2.3,4.6,0.496,0.493,1.6,2.2,0.723,1.0,2.0,3.0,2.9,1.3,0.5,1.8,2.3,9.9
Edmond Sumner,SG,27.0,Brooklyn,53.0,12.0,13.9,2.3,5.1,0.461,0.6,1.6,0.356,1.8,3.4,0.511,0.519,1.9,2.0,0.917,0.2,1.2,1.5,1.3,0.6,0.2,0.9,1.6,7.1
Jae'Sean Tate,SF,27.0,Houston,31.0,7.0,21.8,3.5,7.4,0.48,0.4,1.5,0.283,3.1,5.9,0.53,0.509,1.6,2.2,0.725,1.3,2.5,3.8,2.7,0.7,0.2,1.5,3.4,9.1
Jayson Tatum,SF,24.0,Boston,74.0,74.0,36.9,9.8,21.1,0.466,3.2,9.3,0.35,6.6,11.8,0.558,0.543,7.2,8.4,0.854,1.1,7.7,8.8,4.6,1.1,0.7,2.9,2.2,30.1
Garrett Temple,SG,36.0,New Orleans,25.0,0.0,6.5,0.7,1.8,0.4,0.4,1.0,0.423,0.3,0.8,0.368,0.522,0.1,0.2,0.75,0.2,0.5,0.7,0.5,0.4,0.1,0.2,0.6,2.0
Dalen Terry,SG,20.0,Chicago,38.0,0.0,5.6,0.8,1.9,0.444,0.2,0.7,0.259,0.7,1.2,0.556,0.493,0.4,0.6,0.667,0.3,0.7,1.0,0.6,0.3,0.1,0.2,0.6,2.2
Daniel Theis,C,30.0,Indiana,7.0,1.0,15.6,3.0,6.3,0.477,0.3,1.6,0.182,2.7,4.7,0.576,0.5,0.7,1.7,0.417,1.0,2.1,3.1,1.3,0.3,0.9,0.4,1.0,7.0
Cam Thomas,SG,21.0,Brooklyn,57.0,4.0,16.6,3.5,8.0,0.441,0.9,2.3,0.383,2.6,5.7,0.464,0.497,2.6,3.1,0.868,0.1,1.5,1.7,1.4,0.4,0.1,1.1,1.0,10.6
Klay Thompson,SF,32.0,Golden State,69.0,69.0,33.0,7.9,18.1,0.436,4.4,10.6,0.412,3.6,7.6,0.47,0.556,1.7,1.9,0.879,0.6,3.6,4.1,2.4,0.7,0.4,1.8,1.9,21.9
JT Thor,PF,20.0,Charlotte,69.0,8.0,14.0,1.4,3.4,0.399,0.6,1.8,0.317,0.8,1.7,0.487,0.481,0.5,0.7,0.702,0.5,1.7,2.2,0.5,0.3,0.3,0.6,1.0,3.8
Xavier Tillman Sr.,C,24.0,Memphis,61.0,29.0,19.3,3.1,5.0,0.614,0.1,0.2,0.267,3.0,4.8,0.632,0.621,0.8,1.5,0.551,2.0,3.0,5.0,1.6,1.0,0.5,0.7,1.6,7.0
Isaiah Todd,PF,21.0,Washington,6.0,1.0,10.2,0.5,3.2,0.158,0.2,1.7,0.1,0.3,1.5,0.222,0.184,0.3,0.3,1.0,0.3,1.7,2.0,0.7,0.2,0.0,0.3,0.7,1.5
Obi Toppin,PF,24.0,New York,67.0,5.0,15.7,2.8,6.3,0.446,1.3,3.7,0.344,1.5,2.6,0.593,0.548,0.6,0.7,0.809,0.4,2.4,2.8,1.0,0.3,0.2,0.6,1.0,7.4
Karl-Anthony Towns,PF,27.0,Minnesota,29.0,29.0,33.0,7.3,14.8,0.495,2.1,5.7,0.366,5.2,9.1,0.576,0.565,4.1,4.7,0.874,1.7,6.5,8.1,4.8,0.7,0.6,3.0,3.8,20.8
Gary Trent Jr.,SG,24.0,Toronto,66.0,44.0,32.1,6.1,14.2,0.433,2.5,6.8,0.369,3.6,7.3,0.493,0.522,2.6,3.1,0.839,0.5,2.2,2.6,1.6,1.6,0.2,0.8,1.5,17.4
P.J. Tucker,PF,37.0,Philadelphia,75.0,75.0,25.6,1.3,3.0,0.427,0.7,1.9,0.393,0.5,1.1,0.482,0.549,0.3,0.3,0.826,1.3,2.7,3.9,0.8,0.5,0.2,0.6,2.4,3.5
Myles Turner,C,26.0,Indiana,62.0,62.0,29.4,6.5,11.8,0.548,1.5,4.0,0.373,5.0,7.8,0.638,0.612,3.5,4.5,0.783,1.4,6.1,7.5,1.4,0.6,2.3,1.7,3.5,18.0
Jonas Valančiūnas,C,30.0,New Orleans,79.0,79.0,24.9,5.6,10.3,0.547,0.5,1.4,0.349,5.2,8.9,0.577,0.57,2.3,2.8,0.826,2.8,7.3,10.2,1.8,0.3,0.7,2.0,3.1,14.1
Fred VanVleet,PG,28.0,Toronto,69.0,69.0,36.7,6.3,16.1,0.393,3.0,8.8,0.342,3.3,7.3,0.455,0.486,3.7,4.1,0.898,0.4,3.6,4.1,7.2,1.8,0.6,2.0,2.8,19.3
Devin Vassell,SG,22.0,San Antonio,38.0,32.0,31.0,6.9,15.7,0.439,2.7,7.0,0.387,4.2,8.7,0.48,0.525,2.1,2.6,0.78,0.2,3.7,3.9,3.6,1.1,0.4,1.5,1.5,18.5
Gabe Vincent,PG,26.0,Miami,68.0,34.0,25.9,3.4,8.3,0.402,1.7,5.1,0.334,1.6,3.2,0.512,0.505,1.0,1.1,0.872,0.4,1.7,2.1,2.5,0.9,0.1,1.4,2.3,9.4
Noah Vonleh,C,27.0,Boston,23.0,1.0,7.4,0.5,1.0,0.458,0.0,0.2,0.25,0.4,0.9,0.5,0.479,0.1,0.1,1.0,0.8,1.3,2.1,0.3,0.1,0.3,0.5,1.5,1.1
Nikola Vučević,C,32.0,Chicago,82.0,82.0,33.5,7.3,14.0,0.52,1.5,4.2,0.349,5.8,9.8,0.594,0.573,1.6,1.9,0.835,1.9,9.1,11.0,3.2,0.7,0.7,1.7,2.2,17.6
Dean Wade,PF,26.0,Cleveland,44.0,13.0,20.3,1.7,4.0,0.412,1.0,2.9,0.354,0.6,1.1,0.56,0.54,0.3,0.5,0.652,0.5,3.0,3.4,0.8,0.6,0.5,0.4,2.0,4.7
Franz Wagner,SF,21.0,Orlando,80.0,80.0,32.6,6.8,14.0,0.485,1.6,4.5,0.361,5.2,9.5,0.544,0.543,3.4,4.0,0.842,0.9,3.2,4.1,3.5,1.0,0.2,2.1,2.3,18.6
Moritz Wagner,C,25.0,Orlando,57.0,18.0,19.5,3.5,6.9,0.5,0.9,2.9,0.313,2.6,4.1,0.631,0.564,2.7,3.2,0.841,1.2,3.3,4.5,1.5,0.6,0.2,1.2,2.4,10.5
Ish Wainright,SF,28.0,Phoenix,60.0,2.0,15.3,1.4,3.8,0.37,1.0,2.9,0.329,0.5,0.9,0.5,0.496,0.4,0.5,0.839,0.8,1.6,2.3,0.9,0.6,0.4,0.4,2.0,4.2
Jabari Walker,SF,20.0,Portland,56.0,0.0,11.1,1.5,3.5,0.419,0.3,1.0,0.286,1.2,2.5,0.472,0.46,0.6,0.8,0.756,0.9,1.5,2.3,0.6,0.2,0.2,0.5,1.2,3.9
Kemba Walker,PG,32.0,Dallas,9.0,1.0,16.0,2.7,6.3,0.421,0.8,3.1,0.25,1.9,3.2,0.586,0.482,1.9,2.3,0.81,0.3,1.4,1.8,2.1,0.2,0.2,0.4,1.2,8.0
Lonnie Walker IV,SG,24.0,LA Lakers,56.0,32.0,23.2,4.2,9.4,0.448,1.6,4.4,0.365,2.6,5.0,0.522,0.534,1.6,1.9,0.858,0.3,1.7,1.9,1.1,0.5,0.3,0.8,1.3,11.7
John Wall,PG,32.0,LA Clippers,34.0,3.0,22.2,4.1,9.9,0.408,1.0,3.2,0.303,3.1,6.7,0.459,0.457,2.3,3.3,0.681,0.4,2.3,2.7,5.2,0.8,0.4,2.4,1.7,11.4
Duane Washington Jr.,SG,22.0,Phoenix,31.0,3.0,12.7,3.0,8.3,0.367,1.3,3.6,0.36,1.7,4.7,0.372,0.445,0.5,0.8,0.667,0.1,1.1,1.2,2.0,0.2,0.1,1.1,0.7,7.9
P.J. Washington,PF,24.0,Charlotte,73.0,73.0,32.6,5.9,13.4,0.444,2.0,5.9,0.348,3.9,7.5,0.518,0.52,1.7,2.4,0.73,1.0,3.9,4.9,2.4,0.9,1.1,1.5,2.6,15.7
TyTy Washington Jr.,PG,21.0,Houston,31.0,2.0,14.0,1.9,5.2,0.363,0.6,2.6,0.238,1.3,2.6,0.488,0.422,0.3,0.6,0.556,0.1,1.4,1.5,1.5,0.5,0.1,0.5,0.9,4.7
Yuta Watanabe,SF,28.0,Brooklyn,58.0,1.0,16.0,2.0,4.0,0.491,1.0,2.3,0.444,0.9,1.7,0.557,0.621,0.6,0.8,0.723,0.5,1.9,2.4,0.8,0.4,0.3,0.4,1.4,5.6
Lindy Waters III,SG,25.0,Oklahoma City,41.0,0.0,13.0,1.7,4.3,0.393,1.4,4.0,0.358,0.3,0.4,0.75,0.556,0.4,0.5,0.8,0.4,1.4,1.8,0.7,0.3,0.3,0.2,1.0,5.2
Trendon Watford,PF,22.0,Portland,62.0,12.0,19.1,2.9,5.2,0.56,0.4,1.0,0.391,2.5,4.2,0.602,0.599,1.2,1.6,0.72,0.7,3.2,3.8,2.1,0.5,0.2,1.1,1.9,7.4
Peyton Watson,SG,20.0,Denver,23.0,2.0,8.1,1.3,2.6,0.492,0.3,0.6,0.429,1.0,2.0,0.511,0.542,0.5,0.9,0.55,0.3,1.3,1.6,0.5,0.1,0.5,0.3,0.6,3.3
Blake Wesley,SG,19.0,San Antonio,37.0,1.0,18.1,1.9,5.8,0.321,0.5,1.4,0.385,1.3,4.4,0.301,0.367,0.7,1.2,0.591,0.3,1.9,2.2,2.7,0.7,0.1,1.8,1.8,5.0
Coby White,SG,22.0,Chicago,74.0,2.0,23.4,3.6,8.0,0.443,1.7,4.6,0.372,1.8,3.4,0.54,0.551,0.8,0.9,0.871,0.2,2.6,2.9,2.8,0.7,0.1,1.0,1.6,9.7
Derrick White,SG,28.0,Boston,82.0,70.0,28.3,4.3,9.2,0.462,1.8,4.8,0.381,2.5,4.5,0.548,0.56,2.0,2.3,0.875,0.6,2.9,3.6,3.9,0.7,0.9,1.2,2.2,12.4
Jack White,SF,25.0,Denver,17.0,0.0,3.9,0.5,1.1,0.421,0.2,0.5,0.333,0.3,0.6,0.5,0.5,0.1,0.2,0.667,0.4,0.6,1.0,0.2,0.2,0.1,0.1,0.5,1.2
Aaron Wiggins,SG,24.0,Oklahoma City,70.0,14.0,18.5,2.7,5.2,0.512,0.7,1.7,0.393,2.0,3.4,0.573,0.579,0.8,1.0,0.831,1.0,2.0,3.0,1.1,0.6,0.2,0.8,1.6,6.8
Andrew Wiggins,SF,27.0,Golden State,37.0,37.0,32.2,6.8,14.3,0.473,2.4,6.1,0.396,4.4,8.2,0.53,0.557,1.2,1.9,0.611,1.6,3.4,5.0,2.3,1.2,0.8,1.3,2.9,17.1
Lindell Wigginton,PG,24.0,Milwaukee,7.0,1.0,12.4,2.6,5.3,0.486,0.9,2.6,0.333,1.7,2.7,0.632,0.568,1.1,1.3,0.889,0.0,1.0,1.0,2.0,0.0,0.3,1.7,1.0,7.1
Grant Williams,PF,24.0,Boston,79.0,23.0,25.9,2.7,6.0,0.454,1.5,3.7,0.395,1.3,2.3,0.546,0.575,1.2,1.5,0.77,1.1,3.5,4.6,1.7,0.5,0.4,1.0,2.4,8.1
Jalen Williams,SG,21.0,Oklahoma City,75.0,62.0,30.3,5.5,10.6,0.521,1.0,2.7,0.356,4.5,7.9,0.579,0.567,2.1,2.5,0.812,1.1,3.4,4.5,3.3,1.4,0.5,1.6,2.5,14.1
Jaylin Williams,C,20.0,Oklahoma City,49.0,36.0,18.7,2.1,4.8,0.436,0.9,2.3,0.407,1.1,2.5,0.463,0.534,0.8,1.1,0.704,0.9,4.0,4.9,1.6,0.6,0.2,0.8,2.3,5.9
Jeenathan Williams,SG,23.0,Portland,5.0,4.0,25.4,4.8,7.8,0.615,0.6,1.6,0.375,4.2,6.2,0.677,0.654,0.4,0.6,0.667,2.0,1.0,3.0,2.0,0.6,0.4,0.8,2.6,10.6
Kenrich Williams,PF,28.0,Oklahoma City,53.0,10.0,22.8,3.4,6.5,0.517,0.9,2.5,0.373,2.4,4.0,0.608,0.59,0.3,0.7,0.436,1.8,3.1,4.9,2.0,0.8,0.3,0.6,2.1,8.0
Patrick Williams,PF,21.0,Chicago,82.0,65.0,28.3,3.8,8.3,0.464,1.4,3.4,0.415,2.4,4.9,0.498,0.549,1.1,1.3,0.857,1.0,3.0,4.0,1.2,0.9,0.9,1.2,1.8,10.2
Robert Williams,C,25.0,Boston,35.0,20.0,23.5,3.6,4.9,0.747,0.0,0.0,0.0,3.6,4.8,0.751,0.747,0.7,1.2,0.61,3.0,5.4,8.3,1.4,0.6,1.4,1.0,1.9,8.0
Vince Williams Jr.,SG,22.0,Memphis,15.0,1.0,7.0,0.8,2.7,0.3,0.3,1.9,0.143,0.5,0.8,0.667,0.35,0.1,0.1,1.0,0.3,0.7,1.0,0.3,0.4,0.1,0.3,0.8,2.0
Ziaire Williams,SF,21.0,Memphis,37.0,4.0,15.2,2.3,5.3,0.429,0.7,2.6,0.258,1.6,2.7,0.596,0.492,0.5,0.6,0.773,0.4,1.7,2.1,0.9,0.4,0.2,1.0,1.6,5.7
Zion Williamson,PF,22.0,New Orleans,29.0,29.0,33.0,9.8,16.2,0.608,0.2,0.7,0.368,9.6,15.5,0.618,0.615,6.1,8.6,0.714,2.0,5.0,7.0,4.6,1.1,0.6,3.4,2.2,26.0
Justise Winslow,PF,26.0,Portland,29.0,11.0,26.8,2.8,6.8,0.409,0.5,1.6,0.311,2.3,5.3,0.438,0.444,0.7,1.0,0.714,1.7,3.3,5.0,3.4,1.0,0.4,1.5,3.1,6.8
Christian Wood,C,27.0,Dallas,67.0,17.0,25.9,5.9,11.5,0.515,1.6,4.2,0.376,4.3,7.3,0.594,0.583,3.2,4.2,0.772,1.3,6.0,7.3,1.8,0.4,1.1,1.8,2.5,16.6
Delon Wright,PG,30.0,Washington,50.0,14.0,24.4,2.8,5.8,0.474,0.8,2.4,0.345,1.9,3.4,0.564,0.545,1.0,1.2,0.867,1.2,2.4,3.6,3.9,1.8,0.3,0.9,1.2,7.4
McKinley Wright IV,PG,24.0,Dallas,27.0,1.0,12.4,1.7,3.6,0.469,0.3,1.0,0.321,1.4,2.6,0.529,0.515,0.5,0.7,0.684,0.3,1.4,1.7,2.1,0.3,0.2,0.7,0.9,4.2
Gabe York,SG,29.0,Indiana,3.0,0.0,18.7,2.7,7.0,0.381,2.0,6.0,0.333,0.7,1.0,0.667,0.524,0.7,0.7,1.0,0.0,2.0,2.0,1.7,0.7,0.0,0.0,1.7,8.0
Thaddeus Young,PF,34.0,Toronto,54.0,9.0,14.7,2.0,3.7,0.545,0.1,0.6,0.176,1.9,3.0,0.622,0.561,0.3,0.5,0.692,1.3,1.8,3.1,1.4,1.0,0.1,0.8,1.6,4.4
Trae Young,PG,24.0,Atlanta,73.0,73.0,34.8,8.2,19.0,0.429,2.1,6.3,0.335,6.1,12.7,0.476,0.485,7.8,8.8,0.886,0.8,2.2,3.0,10.2,1.1,0.1,4.1,1.4,26.2
Omer Yurtseven,C,24.0,Miami,9.0,0.0,9.2,1.8,3.0,0.593,0.3,0.8,0.429,1.4,2.2,0.65,0.648,0.6,0.7,0.833,0.9,1.7,2.6,0.2,0.2,0.2,0.4,1.8,4.4
Cody Zeller,C,30.0,Miami,15.0,2.0,14.5,2.5,3.9,0.627,0.0,0.1,0.0,2.5,3.8,0.649,0.627,1.6,2.3,0.686,1.7,2.6,4.3,0.7,0.2,0.3,0.9,2.2,6.5
Ivica Zubac,C,25.0,LA Clippers,76.0,76.0,28.6,4.3,6.8,0.634,0.0,0.0,0.0,4.3,6.7,0.637,0.634,2.2,3.1,0.697,3.1,6.8,9.9,1.0,0.4,1.3,1.5,2.9,10.8
